company_name,websiteAdversus,https://adversus.io
Shine (formerly Ageras),https://shine.co
BLAST,https://blastpremier.com
Bonzer,https://bonzer.io
Capdesk from Carta,https://capdesk.com
Crispa,https://crispa.ai
Donkey Republic,https://donkey.bike
Efektive,https://efektive.dk
GAMUCATEX,https://cloudflare.com/privacypolicy
Influencer Marketing Hub,https://influencermarketinghub.com
Pleo Technologies,https://pleo.io
Singa,https://singa.com
Too Good To Go,https://toogoodtogo.com
Veo Technologies,https://veo.co
VhAT,https://vhat.io
Anemo Robotics,https://anemorobotics.com
Atobi,https://atobi.io
Brand by Hand ApS,https://brandbyhand.dk
BrightAnalytics,https://brightanalytics.eu
Doublepoint,https://doublepoint.com
Dripdrop,https://dripdrop.io
Embankment,https://embankment.com
Exam.net,https://exam.net
FlavorScale,https://flavorscale.dk
Folke Furniture,https://folkefurniture.com
Graduateland - a part of JobTeaser,https://graduateland.com
LifeBonder,https://lifebonder.com
Spacemaker AI,https://spacemaker.ai
Voi Technology,https://voi.com
Barma,https://barma.io
Cernel,https://cernel.ai
Glint Solar,https://glintsolar.ai
Go Autonomous,https://goautonomous.io
Karma,https://karma.life
Strise,https://strise.ai
RevaGroup.io,https://revagroup.io
Silo AI,https://silo.ai
Superside,https://superside.com
swapped.com,https://swapped.com
Synthesia,https://synthesia.io
The Org,https://theorg.com
Tiimo | AI Planning & Productivity,https://tiimoapp.com
Yaay,https://yaaytravel.com
Flowering.dk,https://flowering.dk
Understory,https://understory.io
Humly,https://humly.io
Oda,https://careers.oda.com
Lenus,https://lenus.io
MeetingPackage,https://meetingpackage.com
Monta,https://monta.com
Movesta,https://movesta.se
Peltarion,https://peltarion.com
ProfitMetrics.io,https://profitmetrics.io
Sheer,https://sheer.dk
Tise,https://tise.com
True Followrs,https://truefollowrs.com
Formalize,https://formalize.com/en
Brella,https://brella.io
eloomi,https://eloomi.com
Loofers ApS,https://loofers.dk
Nume,https://nume.ai
Plant Jammer,https://plantjammer.com
Rebl Eats,https://rebleats.com
Sinful,https://sinful.com
VISOID,https://visoid.com
Wolt (FI),https://wolt.com
Confect.io,https://confect.io
COODY,https://coody.io
Corpay One,https://corpayone.dk
Gigle,https://gigle.shop
Hubert.ai,https://hubert.ai
Inex One,https://inex.one
ISSUU,https://issuu.com
Kive,https://kive.ai
Neurons,https://neuronsinc.com
Selma Finance,https://selma.com
Superb,https://superbexperience.com
Supermetrics,https://supermetrics.com
Wallhack,https://wallhack.com
Yazen,https://yazen.com/se/hem
AYA-S,https://aya-s.co
Draivi,https://draivi.com
kapa.ai,https://kapa.ai
Minna Technologies,https://minnatechnologies.com
Pandektes,https://pandektes.com
Peech,https://peech.dk
Podimo,https://podimo.com
reMarkable,https://careers.remarkable.com
Sagitta Family Office,https://sagitta-investments.com
Levitate,https://letslevitate.com
Tendium,https://tendium.ai
Wonderful,https://wonderful.ai
Albacross,https://albacross.com
Attensi,https://attensi.com
byFounders VC,https://byfounders.vc
Contractbook by Scrive,https://contractbook.com
Dreamdata,https://dreamdata.io
FoodOp,https://foodop.io
metastream™,https://metastream.live
"GoWish, Ønskeskyen",https://onskeskyen.dk
Organic Basics,https://organicbasics.com
Saxon,https://saxon.xyz
Signalforge,https://signalforge.no
Veylo,https://veylo.se
DANISH ENDURANCE,https://danishendurance.com
Flatpay,https://flatpay.com
Intric,https://intric.ai
Kast,https://kast.gg
Konstrukt,https://konstrukt.se
Millennial Consulting,https://millennialconsulting.dk
PhaseTree,https://phasetree.ai
proprty.ai,https://proprty.ai
Templafy,https://templafy.com
Ticketbutler,https://ticketbutler.io
Tonsser,https://tonsser.com
WasteHero,https://wastehero.io
Punch,https://getpunch.io
Flowcase (formerly CV Partner),https://cvpartner.com
FLEXECHARGE,https://flexecharge.com
Lovable,https://lovable.dev
Hybird,https://hybird.energy
Inven,https://inven.ai
Monil AS,https://monil.com
Rovio,https://rovio.com
Interhuman AI,https://interhuman.ai
Treesy ApS,https://treesy.dk
Ultimate.ai,https://ultimate.ai
Vidora - Pandora for Video,https://vidora.com/smartlift-video
Zuuvi,https://zuuvi.com
Be My Eyes,https://bemyeyes.com
WeDoBooks,https://wedobooks.io
Challengermode AB,https://challengermode.com
Munchi,https://gomunchi.com
Halmos ApS,https://halmos.co
Heylink.,https://heylink.com
IGDB,https://igdb.com
Nomono,https://nomono.co
Nutrish.ai,https://nutrish.ai
Rens Original,https://rensoriginal.com
SeenThis,https://seenthis.co
TAKT,https://taktcph.com
Tembi,https://tembi.io
Teton,https://teton.ai
Admin By Request,https://adminbyrequest.com
Flowplan,https://flowplan.io
Grands,https://playgrands.com
Landfolk,https://landfolk.com/da
Makea Games,https://makea.games
Mercell,https://info.mercell.com
Napper,https://apps.apple.com/app/napper-baby-sleep-tracker/id1491340863
Factorise Technologies ApS,https://factorise-solutions.com
REDUCED,https://reducedfoods.com
Spirii,https://spirii.com/en
SpySERP,https://spyserp.com
Wingbits,https://wingbits.com
Centiglobe,https://centiglobe.com
Healper,https://healper.dk
ihopa,https://ihopa.com
KAHU,https://kahu.earth
Krown,https://krownapp.com
nofipa,https://pantsat.dk
Truecaller,https://truecaller.com
Your Personal AI,https://yourpersonalai.net
Artland,https://artland.com
Bazoom,https://bazoom.com
Blidz,https://blidz.com
Clair Scientific,https://clairscientific.com
EcoTree,https://ecotree.green
GamerPay,https://gamerpay.gg
Goodwings,https://portal.goodwings.com
Kiku,https://getkiku.com
Mesh Community,https://meshcommunity.com
Relesys,https://relesys.net
Stingray Marine Solutions,https://stingray.no
Autoflows,https://aganalytics.dk
Gimi,https://gimitheapp.com/sv
Magnus Olesen A/S,https://magnusolesen.dk/da
Mojob,https://mojob.io
Viio,https://viio.io
Players 1st,https://players1st.sport
Relax Gaming,https://relax-gaming.com
Swap.com,https://swap.com
tamigo,https://tamigo.com
Veri,https://veristable.com
Volve,https://volvetech.com
Wayer,https://wayer.io
Aquabyte,https://aquabyte.ai
Burst,https://burstcreators.com
Growth Tribe,https://growthtribe.fi
Health Tech Hub Copenhagen,https://healthtechhub.org
Lun,https://lun.energy
Nordic Jobs Worldwide,https://nordicjobsworldwide.com
Recharge Health,https://recharge.health/no
SeatGeek,https://seatgeek.com
Swap Language,https://swaplanguage.com
3RD,https://get3rd.com
Trendhim ApS,https://trendhim.com
Weply A/S,https://weply.chat
CVideo,https://cvideo.no
Swedish Startup Recruitment,https://justtech.se
La Cabra Coffee,https://lacabra.dk
Linear,https://linear.app
Meela,https://meelahealth.com
FOTMOB AS,https://fotmob.com
Planet Nusa,https://planetnusa.com
Progress Me AB,https://progressme.se
Puzzel,https://puzzel.com
Arca,https://arca.so
Subsets,https://subsets.com
Traede,https://traede.com
Coinify,https://coinify.com
Enkl Sound Copenhagen ApS,https://enklsound.com
Football Flows,https://footballflows.se
Iconfinder,https://iconfinder.com
Junia AI,https://junia.ai
Mapple,https://mapple.io
Online Minds | Building the Future of Online Brands,https://onlineminds.io
Six Robotics,https://sixrobotics.com
Arono,https://arono.dk
Birdie,https://birdie.design
Curipod,https://curipod.com
Hoxhunt,https://hoxhunt.com
Ingrid,https://ingrid.com
Reaktion.com,https://reaktion.com
Softlandia,https://softlandia.fi
Soundsensing,https://soundsensing.no
The National Academy of Technology,https://riksakademin.se
TERST,https://terst.se
Welo Data,https://welodata.ai
Dooer,https://dooer.com
Droppe,https://droppe.com/company/en
Hunome,https://hunome.com
Ideanote,https://ideanote.io
Mavenoid,https://mavenoid.com/en
Numina,https://numina.app
Reel,https://reel.energy
Son of a Tailor,https://sonofatailor.com
syv.ai,https://syv.ai
Workzilla,https://workzilla.club
Chooose,https://chooose.today
Clever Seal,https://cleverseal.eu
Digital Hub Denmark,https://digitalhubdenmark.dk
G:Loot,https://gloot.com
LikeLingo,https://likelingo.com
Meili Robots,https://meilirobots.com
Orivo,https://orivo.no
Handyhand,https://handyhand.dk
PolyPoly,https://polypoly.org/en-gb
SLOVE,https://sloveai.com
Sweet Tech,https://jobs.thehandy.com
Clutch,https://clutchapp.io
CM Navigator A/S,https://cmnavigator.com
Founders Running Club,https://foundersrc.com
Go Globie,https://notavailableyet
Hormona,https://hormona.io
Hub Planner,https://hubplanner.com
IPercept Technology AB,https://ipercept.io
Klint,https://klintmarketing.com
Novorésumé,https://novoresume.com
Porterbuddy,https://porterbuddy.com
Tryp.com,https://tryp.com
Utopia Music,https://utopiamusic.com
Aurora Exchange Oy,https://aurorax.co
Baymard Institute,https://baymard.com
GameRefinery,https://gamerefinery.com
Zettle by Paypal,https://zettle.com/no
Lumoa,https://lumoa.me
Normative,https://normative.io
Rabatta,https://rabatta.app
Sustainia,https://sustainiaworld.com
Synexa Life Sciences,https://synexagroup.com
Tactile Games,https://tactilegames.com
Validio,https://validio.io
Zaplify,https://zaplify.com
acconta labs aps,https://acconta.com
Baibe,https://baibeapp.ai
Digital Partners,https://digitalpartners.dk
Doubble,https://doubble.app
House of Control,https://houseofcontrol.com
Miinto Group,https://miinto.dk
modl.ai,https://modl.ai
Mybanker A/S,https://mybanker.dk
OptoScale,https://optoscale.no
Playtomic,https://playtomic.factorialhr.es
Redeploy,https://redeploy.com
Rope Robotics,https://roperobotics.com
AIRY Automotive,https://airyautomotive.com
Alice.tech,https://alice.tech
DISIE - Danish Institute for Sustainable Innovation and Entrepreneurship,https://disie.dk
Greenely,https://greenely.com
Relocate.me,https://relocate.me
SimpleSign,https://simplesign.io
Smarp,https://smarp.com
UNIwise,https://uniwise.co.uk
BlinkTroll,https://blinktroll.com
Bodil Energy,https://bodil.energy
Business Angels Norway,https://businessangel.no
B'ZEOS,https://bzeos.com
DBtune,https://dbtune.com
Dreamcraft Ventures,https://dreamcraft.vc
EasySBC,https://careers.easysbc.io
Hubro Education,https://hubroeducation.com
Magma Math / Matteappen (Radish AB),https://matteappen.se
mindcap,https://mindcap.dk
Rift Labs,https://riftlabs.com
The Happiness Research Institute,https://happinessresearchinstitute.com
LedgerBee Technologies A/S,https://ledgerbee.com
The Many,https://the-many.com
Cuttles,https://cuttles.io
Humani,https://humani.ai
Innovx,https://innovx.se
Nabogo,https://nabogo.com
Off Script,https://offscript.io
ParkShare,https://parkshare.dk
POS-ONE A/S,https://posone365.com
Seasony,https://seasony.io
Sniffie Software Oy,https://sniffie.io
Uizard Technologies,https://uizard.io
Welldium,https://welldium.com
2degrees,https://weare2degrees.com
Anyfin,https://anyfin.com
Filify,https://filify.app
Mindbuddy,https://mindbuddy.com
Oslo International Hub,https://oslointernationalhub.com
Raffle AI,https://raffle.ai
The Vintage Bar,https://thevintagebar.com
Workee,https://workee.co
Yuta AI,https://yutatechnology.com
Fokus,https://fokus.ing
Garba,https://garba.ai
Planacy,https://planacy.com
Risika A/S,https://risika.dk
RISMA,https://rismasystems.com/da
Rokoko,https://rokoko.com
Signicat AS,https://signicat.com
The Qt Company,https://qt.io
The Social Agency,https://thesocialagency.dk
Waitly,https://waitly.eu
Cheetah AI,https://cheetahai.org
Frameo,https://frameo.net
KIME,https://kime.ai
Metafy Ltd,https://metafy.gg
Oivi,https://oivi.co
Qualifio,https://qualifio.com
Skillioz AI,https://skillioz.ai
Sopra Steria,https://soprasteria.no
The Human Touch Robotics,https://thtrobotics.com
TradeHub,https://tradehub.dk
Accelerace,https://accelerace.io
Autoholly,https://autoholly.com
DinERP,https://dinerp.com
IT Minds,https://it-minds.dk
Wint,https://wint.se
NORNORM,https://nornorm.com
Airofit,https://airofit.com
AutoUncle,https://autouncle.com
Northe,https://northecharge.com
Multiscription ApS,https://multiscription.com
Miramis Technologies,https://miramis.co
Preo,https://preo.live
RiACT Robotics,https://riact.ai
SECURE-NOK AS,https://securenok.com
UTRY,https://utry.dk
Velocity Insights,https://velocityinsights.ai
Accordium,https://accordium.com
AutoPi.io,https://autopi.io
Bokio,https://bokio.se
Bolt,https://bolt.eu
Duunitori Oy,https://duunitori.fi
Brandwatch,https://brandwatch.com
Keepit,https://keepit.com
KRING,https://kring.com
focalx,https://focalx.ai
CWC - Copenhagen Watch Company ApS,https://nordgreen.com
Peppy Pals,https://peppypals.com
RD8 Technology,https://rd8.tech
W3schools Network AS,https://w3schools.com
WebrinQ,https://webrinq.com
Adent Health,https://adent-health.com
Arara,https://arara-amazon.com
Clouder,https://cloudersolutions.com
GameAnalytics,https://gameanalytics.com
Improvin',https://improvin.com
Logpoint,https://logpoint.com
Startuplab,https://startuplab.no
Exolyt,https://exolyt.com
Today Mobility,https://todaymobility.com
Avidly,https://avidlyagency.com
Bitrefill,https://bitrefill.com
Exo360,https://exo360.org
Integrify Academy,https://integrify.io
Kodiak Hub,https://kodiakhub.com
Monto,https://monto-rent.com
MyGamez Ltd.,https://mygamez.com
Petlux Nordic ApS,https://petlux.dk
Steep,https://steep.app
Supercell,https://supercell.com
AdPlenty,https://adplenty.io
KTH Innovation,https://kth.se/en/om/innovation/kth-innovation-1.956839
Nodon,https://nodon.se
Pistachio,https://pistachioapp.com
PLEX arkitekter,https://plex-arkitekter.dk
Retailhub,https://retailhub.no
Shipit Oy Ab | shipit.fi,https://shipit.fi
Tempty Foods,https://tempty-foods.com
Theia Hub Learn,https://theiashub.dk
Baltic Assist,https://balticassist.com
BetterNow,https://betternow.org
Brightcall.ai,https://brightcall.ai
Dixa,https://dixa.com
Entrepedia,https://entrepedia.com
Heimdall Power,https://heimdallpower.com
Hero Gaming,https://herogaming.com
Material Exchange,https://material-exchange.com
Nordic Valley,https://nordicvalley.dk
Evyon,https://evyon.com
Volumental,https://volumental.com
Watery ApS,https://watery.dk
Advance B2B,https://advanceb2b.com
AiBA,https://aiba.ai
Clerk.io,https://clerk.io
DigiProc,https://digiproc.com
Dropla Tech ApS,https://dropla.tech/en
Freespee,https://freespee.com/en
GRØD,https://groed.com
GUTXY,https://gutxy.com
Huuva,https://huuva.io
Kombuchainc,https://kombuchainc.com
DoLand,https://thisisdoland.com
Mini Motto,https://minimotto.dk
Pento,https://pento.io
Responsibly,https://responsibly.tech
Beyond Leather Materials ApS,https://explore-leap.com
Brikk,https://brikk.dk
Chargitect,https://chargitect.com
Fimento,https://fimento.com
Openframe,https://openframe.org
Funderbeam,https://funderbeam.com
Learnster,https://learnster.com
Regulars,https://getregulars.com
SimplyPrint ApS,https://simplyprint.io
Stagecast,https://stagecast.io
VentriJect,https://ventriject.com
Venuu,https://venuu.com
WeCode A/S,https://wecode.com
ZTL,https://ztlpay.io
ApoPro Online Apotek,https://apoteka.dk
Electricity Maps,https://electricitymaps.com
GoGift A/S,https://global.gogift.com
OfficeHub,https://officehub.dk
ØNSK,https://onsk.dk
PROCE Institute; Digital Transformation Methods,https://proce.info
ROEST AS,https://roestcoffee.com
Sendify,https://sendify.se/en/home
Customers 1st,https://c1st.com
South Pole,https://southpole.com
TaskRunner,https://taskrunner.se
Vind AI,https://vind.ai
athme,https://athmeapp.eu
Blazar Capital,https://blazarcapital.com
BRØL,https://broel.nu
EMerald Geomodelling,https://emerald-geomodelling.com
Founders,https://founders.as
Huddly,https://huddly.com
Membrain.com,https://membrain.com
Ninchat,https://ninchat.com
Startupmatcher,https://startupmatcher.com
Sustainary,https://sustainary.org
TechBBQ,https://techbbq.dk
F I X A T E,https://fixate.nu
Halfspace,https://halfspace.ai
MĀDI,https://hellomadi.com
Manymore.com,https://manymore.com
Optimeering Aqua AS,https://optimeeringaqua.com
PROCalendar 360°,https://theprocalendar.com
Weel & Sandvig,https://weel-sandvig.com
Alva Labs,https://alvalabs.io
BuddyUp Social,https://buddyup.social
Bueno,https://getbueno.com
EAS Project oü,https://easproject.com
Empirical,https://empirical.co
Famly,https://famly.co
HEI Schools,https://heischools.com
Claviate,https://claviate.com
Maki.vc,https://maki.vc
ONEiO,https://oneio.cloud
Revam,https://revam.tech
STHLM Music City - where music and tech meet,https://sthlmmusic.se
Bright Star Studios,https://brightstar.studio
DASH — A movement for a better designed future,https://dash.design
EasyPark Group,https://easyparkgroup.com
enkel,https://enkelenergi.dk
ICONICLI,https://iconicli.com
Siggle.io,https://siggle.io
Labrador CMS,https://labradorcms.com
MEGA.AI ApS,https://mega.ai
Model Prices,https://modelprices.com
Obnex Technologies AB,https://sqlspreads.com
VAEV,https://vaev.ai
AppFollow,https://appfollow.io
CollectiveCrunch,https://collectivecrunch.com
DinnerBooking,https://dinnerbooking.com
Impact Mapper,https://impactmapper.com
Knowledge Gate Group,https://knowledgegategroup.com
make!mpact,https://makeimpact.io
Qualifier.ai,https://qualifier.ai
Shape Aps,https://shape.dk
Single.dk ApS,https://single.dk
SnappCar,https://snappcar.se
Uoma Mind Oy,https://uoma.ai
Amuse,https://amuse.io
Carswip,https://carswip.dk
Dawn Health,https://dawnhealth.com
Dintero,https://dintero.com
Dory,https://dorysign.com
Ento,https://ento.ai
Lexolve,https://lexolve.com
Mycorena,https://mycorena.com
Silvi,https://silvi.ai
Stack by me,https://stackby.me
Toco,https://tocos.org
Univid,https://univid.io
Woba.io,https://woba.io
anotherblock,https://anotherblock.io
Baser ApS,https://mybaser.com
Circular Innovation Lab ApS,https://circularinnovationlab.com
F3nice,https://f3nice.com
Intree,https://intree.com
Kaffekassan,https://kaffekassan.se
Kaiku Health,https://kaikuhealth.com
Kitab Sawti,https://kitabsawti.com
Langkilde & Søn,https://langkilde-flagfabrik.dk
Meetio AB,https://meetio.com
Promon,https://promon.co
StepUp Solutions,https://stepupsolutions.dk
Tesseract,https://tesseractinvestment.com
Adnami,https://adnami.io
aioss,https://aioss.dk
First Drawing,https://firstdrawing.com
Hemie,https://hemie.se
Invoicery Danmark ApS,https://invoicery.dk
Measurlabs,https://measurlabs.com
Medley Venture Capital,https://medley.vc
NDURE,https://ndure.dk
Nexta.io,https://nexta.io
Puori,https://puori.com
Puro.earth,https://puro.earth
Simply.TV,https://simply.tv
Steven,https://getsteven.com
VINNY's,https://vinnysthevibe.com
Castle,https://castle.io
Crediwire,https://crediwire.com
Evermart A/S,https://evermart.dk
Kognity,https://kognity.com
Mono Solutions,https://monosolutions.com
Nearyou,https://nearyou.events
OneLab,https://onelab.se
Parently,https://parently.se
Pickit,https://pickit.com/en
Pubfront,https://audiorista.com
Queue-it,https://queue-it.com
Retyre AS,https://retyre.eco
Uniify,https://uniify.io
Vertic,https://vertic.com
ARTificial Mind (and NobodyWho),https://artificialmind.ai
AUTOproff,https://autoproff.com
Campanyon,https://campanyon.com
Complir,https://complir.io
DataCrunch.io,https://datacrunch.io
Good Tape,https://goodtape.io
GreenFish,https://greenfish.is
Icy Studios,https://icystudiosgaming.com
KLUB VENUS,https://klubvenus.dk
Leagues.gg,https://leagues.gg
Mendi,https://mendi.io
Qarma,https://qarmainspect.com
Webbler,https://webbler.dk
About Vintage by Skov Andersen,https://aboutvintage.com
Agillic,https://agillic.com
Baffin Bay Networks,https://baffinbaynetworks.com
Dogu AS,https://dogu.io
foodora,https://foodora.se
Founders House ApS,https://foundershouse.dk
Greenbird Integration Technology AS,https://greenbird.com
Moneyflow Group A/S,https://moneyflow.io
PNO Ventures,https://pnorental.com
Revieve,https://revieve.com
The F Company,https://thefcompany.com
Treon,https://treon.fi
"True Co. (True Gum, True Dates, True Mints)",https://truecompany.com
AirPlate,https://airplate.dk
BeCause,https://because.eco
CVX Ventures,https://cvx.vc
Fotoware,https://fotoware.com
Lapee,https://lapee.dk
Muinmos,https://muinmos.com
Narvi Payments,https://narvi.com
Passendo,https://passendo.com
Pinoa Foods,https://pinoafoods.fi
Qualia,https://qualiastudios.dev
Windit,https://getwindit.com
"21RISK - Risk Management, automated.",https://21risk.com
A Retro Tale,https://aretrotale.com
Boneo,https://boneo.se
Earbuddy,https://earbuddy.dk
Front AI,https://front.ai
Grale,https://grale.com
Optio Incentives AS,https://optioincentives.com
Pharem Biotech,https://pharem.se
Zapflow Oy,https://zapflow.com
Zliide,https://zliide.com
AI–BOB,https://aibob.io
Nobon,https://nobon.app
Limepack,https://limepack.com
LYS Technologies - Live Healthier with Light,https://lystechnologies.io
Memora,https://memora.dk
Planck Technologies AS,https://planck-tech.no
Precisely,https://preciselycontracts.com
Sustie,https://sustie.io
Unruly,https://unruly.co
Coachendo,https://coachendo.com
Voi Technology DK,https://voiscooters.com
Working Group Two AS,https://wgtwo.com
Bower,https://getbower.com
Celsia,https://celsia.io
Lime Go,https://lime-technologies.com/en/lime-go
Medflow,https://medflowsoft.com
Millo appliances,https://getmillo.com
MOWS.com,https://mows.com
Muninn,https://muninn.ai
Nature Preserve ApS,https://naturepreserve.co
Freyja XO Oy,https://freyja-xo.com
Reprice,https://reprice.io
Ringtail Interactive,https://ringtailinteractive.com
turtle®,https://turtle.am
Viggo,https://viggo.com
ZeroNorth,https://zeronorth.com
ZTLment,https://ztlment.com
Appfarm,https://appfarm.io
Appjobs,https://appjobs.com/en
Brevio,https://brevio.com
Exxentric,https://exxentric.com
Forza Football,https://forzafootball.com
HeapsGo,https://heapsgo.com
Invesdor,https://invesdor.com/en
Jottacloud,https://jottacloud.com
Leanware,https://leanware.fi
Outtt,https://outtt.com
Sharebox AS,https://sharebox.no
Tibber,https://tibber.com/en
Avido,https://avidoai.com
Cling Systems,https://clingsystems.com
Drivelogger,https://drivelogger.dk
Elysium Energy,https://elysium-energy.com
Legala,https://legala.no
Lingio,https://lingio.com/en
Nextfood,https://nextfood.co
P-Secure,https://p-secure.com
SafePay Nordic,https://safepaynordic.dk/en
Sting,https://sting.co
Talbit,https://talbit.io
Woomio,https://home.woomio.com
www.visave.dk,https://visave.net/home
CostBits,https://costbits.com
CrowdWorks,https://crowdworks.it
eAktiebok,https://eaktiebok.se
Factofly,https://factofly.com
Helppy,https://helppy.com/en/careers
Livehouse A/S,https://livehouse.com
Mindcare,https://konfidens.no
Moodagent,https://moodagent.com
Pyzzle it!,https://pyzzleit.com
Riddlebit Software,https://riddlebit.net
Starship Technologies,https://starship.xyz
Supplios,https://supplios.com
Valuer,https://valuer.ai
LuggageHero,https://luggagehero.com
Nosto,https://nosto.com
Juris Legal,https://juris.legal
Sanna,https://sanna.no
Shipshark,https://shipshark.dk/da
Sumary ApS,https://sumary.com
Your Brand Travel,https://yourbrandtravel.com
Ankra AB,https://ankra.io
Babele,https://babele.co
CURRENT,https://current.eco
Ellie Technologies,https://ellie.ai
Elvy,https://elvyenergy.com
Lumant ApS,https://lumant.dk
Monio AS,https://monner.no/index.html
MYSTiC GAMES,https://mysticgames.dev
Parkdepot GmbH,https://park-depot.com
Siteimprove,https://siteimprove.com
Spartao Oy,https://itsudemosushi.com
Strive - Strive for startups,https://striveforstartups.com
Tal&Dev,https://talanddev.com
Briefcase.ai,https://briefcase.ai
Forento.io,https://forento.io
Fornix,https://fornixvr.com
Hubb Kitchens,https://hubb.dk
Hybrid Greentech Energy Intelligence,https://hybridgreentech.com
Hypercore Protocol,https://hypercore-protocol.org
iMotions A/S,https://imotions.com
Pixop,https://pixop.com
Plaace,https://plaace.co
PriceShape A/S,https://priceshape.com
Testhub,https://testhub.tech
We Don´t Have Time,https://wedonthavetime.org
100 Point Challenge,https://100pointchallenge.com
Accutics ApS,https://accutics.com
Freelancerhub,https://freelancerhub.dk
Futures Platform,https://futuresplatform.com
People Ventures,https://people.ventures
Kitchen Collective,https://kitchencollective.dk
Koukoi Games Oy,https://koukoi.com
Openli,https://openli.com
Lovia,https://loviacollection.com
Multiverse ApS,https://multiverseaps.com
Paperturn,https://paperturn.com
FrejaTECH,https://salvatio.dk
Station,https://station.dk
Trebo,https://trebo.dk
WelcomeBob,https://welcomebob.com
Ampler.io,https://ampler.io
Bopin,https://boppin.live
Doctrin,https://doctrin.se
Done,https://doneinstallations.com
Harba,https://harba.co
Hubro Education,https://hubro.education/en
Learningbank,https://learningbank.io
MapsPeople,https://mapspeople.com
Rebel Penguin ApS,https://rebelpenguin.dk
Simplyture,https://simplyture.com
Talendary,https://talendary.com
Zadaa,https://zadaa.co
Claimlane,https://claimlane.com
Copenhagen Fintech,https://copenhagenfintech.dk
Flowrite,https://flowrite.com
Futurebox,https://futurebox.dk
KROM Kendama,https://kromkendama.com
Nordic Women's Health Hub,https://nordicwomenshealth.com
Opero.pro,https://opero.pro
Playpulse,https://playpulse.com
Tandem Health,https://tandemhealth.ai/no
Thyr,https://thyr.no
Yepstr,https://yepstr.com
Claned,https://claned.com
Evido Health,https://evido.health
Geometric Interactive,https://geometricinteractive.com
Hakio,https://hakio.com
Hups AB,https://hups.com
IZX,https://izx.ai
Kvikk Forsikring,https://kvikkforsikring.no
Mevisio,https://mevisio.com
Over Easy Solar,https://overeasy.no
seefleet AS,https://seefleet.com
Teacherspace,https://teacherspace.org
UpCharge,https://upcharge.fi
Zeproc AS,https://zeproc.com/no
displayy.io,https://displayy.io
Farmforce,https://farmforce.com
Futureplay Games,https://futureplaygames.com
GreenStock,https://greenstock.no
Iris.ai,https://iris.ai
Kiuas,https://kiuas.com
LEIA Health,https://leia.health
Metroc,https://metroc.ai
Relox Robotics,https://reloxrobotics.com
Skyqraft,https://skyqraft.com
SPORTR,https://sportr.dk
Tripulse,https://tripulse.co
Wired Relations,https://wiredrelations.com
Abtion,https://abtion.com
Centra,https://centra.com
GoFrendly,https://gofrendly.se
Ngenic,https://ngenic.se
SKATE.in ApS,https://skatein.com
Temply,https://temply.com
Testbirds,https://testbirds.se
The Shortcut,https://theshortcut.org
Timescale,https://timescale.com
Treamer Oy,https://treamer.com
Vendigo,https://vendigo.com/dk
Wehype,https://wehype.it
Alipes Capital,https://careers.alipes.dk
AXON Networks,https://axon-networks.com
Domly,https://domly.dk
Eupry,https://eupry.com
Female Invest,https://femaleinvest.com
Fuzu Ltd,https://fuzu.com
Hookle,https://hookle.net
JOOLL,https://jooll.bike
Kihleo,https://kihleo.dk
Lendo (DK),https://lendo.dk
Northfork,https://northfork.ai
Pluto.Markets,https://pluto.markets
Tribe,https://tribehappiness.com
Hopen Internships,https://hopen.se
IIH Nordic,https://iihnordic.dk
Litech,https://litech.ai
Neonomics,https://neonomics.io
NODES,https://nodesmarket.com
Safty,https://safty.io
Simli,https://simli.com
Slush,https://slush.org
Swan Neck Bio,https://swanneck.bio
Ava Security,https://avasecurity.com/video/complete-cloud-video-security-solution
Weavy,https://weavy.com
Xes Helsinki,https://xeshelsinki.com
Andgo Systems,https://andgosystems.com
Bemlo,https://bemlo.se
Epulze,https://epulze.com
HelloFlow,https://helloflow.io
Hococo,https://hococo.io/en
Liid Oy,https://salestrail.io
Meum,https://meumcph.dk
mysocial,https://mysocial.io
Olivia,https://join-olivia.com
Raido,https://raido.org
RightHub,https://righthub.com
Seriously Digital Entertainment,https://seriously.com
Signet.app,https://signet.app
The Fit,https://thefit.se
Voima Gold,https://voimagold.com
Ahum,https://ahum.se
ChurchDesk,https://churchdesk.com
Doist,https://doist.com
iPaper,https://ipaper.io
Samlino.dk,https://samlino.dk
Sani Nudge,https://saninudge.com
SingularityU Nordic,https://sunordic.org
SkenarioLabs,https://skenariolabs.com
Sparta,https://spartasales.com
Time2Staff,https://time2staff.com
Trendsales,https://trendsales.dk
Acter,https://acter.global
Age Labs,https://agelabs.com
Edventures,https://edventures.ai
Funzi,https://funzi.fi
Insj,https://insjuio.no
Legitify,https://legitify.eu
Maersk Growth,https://maersk.com/growth
NOORA,https://noora.com
Promte,https://promte.com
SparkUp Turku,https://sparkup.fi
Voima Ventures,https://voimaventures.com
Elton,https://elton.app
Endavu,https://endavu.com
FaunaPhotonics,https://faunaphotonics.com
Hashlist,https://hashlist.com
Legeakademiet,https://legeakademiet.dk
North Ventures,https://northventures.com
Plus-Plus,https://plus-plus.com
ROICO Solutions ApS,https://roicosolutions.com
Sparly,https://sparly.co
THINK International,https://think.international
Compliance Partners,https://compliancepartners.com
Zerply,https://zerply.com
Corti,https://corti.ai
Joymo,https://joymo.tv
Liveto,https://liveto.io
Nuna,https://nuna.ai
P27 Nordic Payments,https://nordicpayments.eu
Performativ,https://performativ.com
Popswap,https://popswap.app
Stellar.io,https://stellar.io
TechBuddy,https://techbuddy.se
Valerian Funds,https://valerianfunds.com
Vitala Health,https://vitala.health
Volcano Group,https://volcano.nu
Awake.AI,https://awake.ai
Colibo A/S,https://colibo.com
Finna AI Labs,https://finna.ai
KSTING,https://ksting.com
Modular Finance,https://modularfinance.se
Sensative,https://sensative.com
The Marketing Guy,https://themarketingguy.dk
Ugglo,https://ugglo.se
UpSteam,https://upsteam.fi
Woodly,https://woodly.fi
ConsortiaManager,https://consortiamanager.com
Geniebelt,https://geniebelt.com
Instabridge,https://instabridge.com/en
Kongsberg Digital,https://kongsbergdigital.com
Nimblr ApS,https://nimblr.dk
Notified,https://notified.com
Pandatron,https://pandatron.ai
Proximi.io,https://proximi.io
Sumondo,https://sumondo.co
Tobi,https://tobi.dk
Ahotu,https://ahotu.com
ZafeConnect,https://zafeconnect.com
Brandpad,https://brandpad.io
Copenhagen Sparkling Tea Company,https://sparklingtea.co
DCR Solutions,https://dcrsolutions.net
Lolo Company,https://lolo.co
MeaWallet,https://meawallet.com
Oktogrid,https://oktogrid.io
Self® AI massage robot,https://self.io
Simp,https://simp.no
Spectro Inlets ApS,https://spectroinlets.com
Teamway,https://teamway.io
Aegir Insights,https://aegirinsights.com/about
AiMi,https://aimi.technology
AQL Robotics,https://aqlrobotics.ai
LAUTEC A/S,https://lautec.com
LUMINA,https://luminamarketingdev.webflow.io
MyData Global,https://mydata.org
Oase,https://oase.app
Qpaws – Dog Activity App,https://qpaws.com
Rezet Sneaker Store,https://rezetstore.com
SkinChange.AI ApS,https://skinchange.ai/en
Telgea,https://telgea.com
Video24,https://video24.dk
Zymoscope ApS,https://zymoscope.com
FabricAI,https://fabricai.fi
FlyPort,https://flyportvr.com
InSec,https://solutionvalleyab.se
NoOrdinaryScent™️,https://noordinaryscent.com
Pixel.tv,https://pixel.tv
RaceID,https://race.se/en
SecTeer ApS,https://secteer.com
Viking Analytics,https://vikinganalytics.se
Vilje Bionics,https://viljebionics.com
Violet AI Lab,https://violet.ai
BETTERBOX,https://betterbox.dk
Cellari,https://cellari.io
Danish AM Hub,https://am-hub.dk
Lifeness AS,https://lifeness.io
Lynk & Co,https://lynkco.com
MeetFrank,https://meetfrank.com/hello
MODU ApS,https://modu.dk
Norkon,https://norkon.net
PLX AI,https://plx.ai
qbee AS,https://qbee.io
Rockstart,https://rockstart.com
SignLab,https://signlab.co
TrainAway,https://trainaway.fit
Vald Agency,https://valdagency.com
VIBBIO,https://vibbio.com
BETTER COLLECTIVE A/S,https://bettercollective.com
CC Athletics,https://ccathletics.dk
Easysize,https://easysize.me
LEO Innovation Lab,https://leoinnovationlab.com
November First,https://novemberfirst.dk
Portchain,https://portchain.com
Scrive,https://scrive.com
SurplusMap,https://surplusmap.com
Ungapped,https://ungapped.com
Univrses,https://univrses.com
VAEKST,https://vaekstgroup.com
Vion Labs,https://vionlabs.com
Workpilot,https://workpilot.net
Danish Social Innovation Club (DANSIC),https://dansic.org
Gaddr,https://gaddr.com
Klimate,https://klimate.co
LINKAI Technologies AB,https://linkaitech.eu
Lunar,https://lunar.app/en/personal
Mjuk,https://mjukhome.com
TrialSync ApS,https://probe.dk
Revive,https://reviveretail.se
Scandinavian Biolabs ApS,https://scandinavianbiolabs.com
Tapad,https://tapad.com
AITSU operations ApS,https://aitsu.eu
Claryo,https://claryo.io
Neucom,https://existential-ai.com
Flashbulb Games,https://flashbulbgames.com
North ESG,https://northesg.com
PARAL,https://paral.io
Skill3,https://skill3.io
SLASHPLAY,https://slashplay.gg
Streamrun,https://streamrun.com
Sunphade,https://sunphade.com
Werktøj.dk,https://werktoej.dk
Wopla ApS,https://wopla.dk
Be frank ApS,https://be-frank.dk
BusinessClass.com AS,https://businessclass.com
Fill,https://askfill.com
foodora Norway AS,https://foodora.no
Frankly Insure,https://franklyinsure.com
Geniess,https://geniess.io
Mazepay,https://mazepay.com
MovieStarPlanet,https://corporate.moviestarplanet.com
No No No,https://nonono.com
Siite,https://siite.dk
Solcellekraft as,https://solcellekraft.no
stormglass.io,https://stormglass.io
Xait AS,https://xait.com
Aerial Tools ApS,https://aerial-tools.com
Sprii,https://sprii.io
Groogert,https://groogert.com
Katch Today,https://katch.today
Moonboon,https://moonboon.com
Salary.dk,https://salary.dk/om-os
SameSystem A/S,https://samesystem.com
Sideflow,https://sideflow.fi
SubBook,https://subbook.com
The Pattern Agency,https://thepatternagency.se
WeUse,https://weuse.dk
aito.ai,https://aito.ai
Fairlo,https://fairlo.se
FASTSPEED,https://fastspeed.dk
Hatch,https://playhatch.com/careers
Lulu Lab,https://lululab.org
MEETR,https://meetr.dk
Moank,https://moank.se
Ocast,https://ocast.com
PatentRenewal.com,https://patentrenewal.com
Pixelz,https://pixelz.com
ReadPeak Oy,https://readpeak.com
Sally R,https://sally-r.com
SOWA,https://sowasound.com
aTalent Recruiting,https://atalent.fi
Auddly,https://auddly.com
CustomiseMe,https://customiseme.dk
GAN Integrity,https://ganintegrity.com
MindMind,https://mindmind.life
Neowshop ApS,https://neowshop.dk
Quantified Impacts ApS,https://quantifiedimpacts.com
Optivian,https://optivian.ai
nShift Return (Previously Returnado),https://nshift.com
SnappCar,https://snappcar.nl/jobs
Styles,https://getstyles.com
Sunday Power,https://sundaypower.no
Valohai MLOps platform,https://valohai.com
Acodyne,https://acodyne.com
Adeu AI,https://adeu.ai
Dayli A/S,https://minetilbud.dk
Hi Drinks ApS,https://hidrinks.dk
Ivy,https://ivy.app
Listfully.,https://listfully.no
Notess.ai,https://notess.io
Nyx Systems ApS,https://nyxapp.net
Outso,https://outso.se
Antler Nordic,https://antler.co
ARIS Robotics,https://aris-robotics.com
Bizbrains,https://bizbrains.com
Devolens,https://devolens.com
FISKHER AS,https://fiskher.no
Hume Agency,https://humeagency.com
IKEA,https://ikea.com/gb/en/this-is-ikea/work-with-us
Komu Homes,https://komuhomes.com
MOOD Visuals,https://moodvisuals.com
Outinspire ApS,https://outinspire.com
Perfusion Tech ApS,https://perfusiontech.com
Songfox,https://songfox.se
Norselab,https://norselab.com/portfolio/wasteiq
Astro,https://astro.io
Bumpy,https://bumpyapp.se
COCOHAGEN,https://cocohagen.dk
Graitor ApS,https://graitor.dk
Human Risks,https://humanrisks.com
Ironstone AS,https://ironstoneit.com
Noice,https://noice.com
re:nable,https://renable.com
XR Solutions,https://xrsolutions.se
Aguardio ApS,https://aguardio.com
Anchor Lab,https://anchorlab.net
Bounce,https://usebounce.com
CAMAR ApS,https://camar.me
Diplomasafe,https://diplomasafe.com
LastObject,https://lastobject.com
Make Influence,https://makeinfluence.com
MeKiwi Oy,https://mekiwi.org
Oblima,https://oblima.com
Rebartek AS,https://rebartek.com
Tipya,https://tipya.com
Youredi,https://youredi.com
Anthill,https://anthill.technology
Bazaar - Social Media Advertising Platform,https://bazaarapp.io
COLLAGE,https://collageofficial.com
Energy Machines,https://energymachines.com
foreseeti,https://foreseeti.com
KRY,https://kry.se
RaskRask,https://raskrask.dk
SimplyJob,https://simplyjob.dk
Tingent,https://tingent.se
Evarto,https://evarto.dk
FundL,https://fundl.se
Nettbureau,https://nettbureau.com
Newsec Maps,https://newsecmaps.com
Nordic Health Lab,https://nordichealthlab.io
Qfix AB,https://qfix.io
Regenics AS,https://regenics.no
SQUARELY,https://squarely.dk
Sugarcoat,https://sugarcoat.com
Mano,https://hellomano.com
Thirsty,https://usethirsty.app
Voxo,https://voxo.ai
Fluencify,https://fluencify.io
IPO Capital (Private Equity Startup With Multiple Portfolio Companies),https://northernindustriesgroup.co.uk
ORBITAL SYSTEMS,https://orbital-systems.com
Paptic,https://paptic.com
Workfeed,https://workfeed.io
ResQ Club,https://resq-club.com
SHIFT Business Festival,https://theshift.fi
SquareHead Technology,https://sqhead.com
Unelma Platforms,https://unelmaplatforms.com
Valpas,https://valpashotels.com
Walk With Path,https://walkwithpath.com
Wematter,https://wematter.se
AquaFood,https://aquafood.se
Bookt,https://bookt.dk
Cavai AS,https://cavai.com
Copenhagen Shoes ApS,https://copenhagenshoes.dk
Drivn,https://drivn.dk
Maritime Optima,https://maritimeoptima.com
Presense,https://presns.com
ruumi,https://ruumi.io
Stepler,https://steplerapp.com
Themison,https://themison.com
UseToday,https://usetoday.io
Wonder Sales Agency,https://wondersalesagency.com
Abel,https://helloabel.com
Alvar Pet,https://alvarpet.com
Aviant,https://aviant.no
Cinemataztic,https://cinemataztic.com
Ehub ApS,https://ehub.gg
Hexastate,https://hexastate.com
Hiber AB,https://hiberworld.com
IC Robotics ApS,https://icrobotics.com
KEEPR,https://keeprcollective.com
Kvikbolig,https://kvikbolig.dk
PITAYA,https://pitaya.dk
Scratcher.io,https://scratcher.io
Soultech,https://soultech.co
Iceflake Studios,https://iceflake.com
Justlearn,https://justlearn.com
Kontolink,https://kontolink.com
Optimus,https://optimusapp.com
Pairy,https://pairy.dk
Saidot,https://saidot.ai
SimplerQMS,https://simplerqms.com
Statzon,https://statzon.com
Superblocks,https://superblocks.com
SWITCHR,https://switchr.global
The Considerate Consumer,https://considerate-consumer.com
Addcomposites,https://addcomposites.com
Blank Space,https://blankspaceoslo.com
DAIN Studios,https://dainstudios.com
FIELDMADE,https://fieldmade.no
Floud,https://floud.com
HackYourFuture - Denmark,https://hackyourfuture.dk
Homer.co,https://homer.co
MEOM,https://meom.fi/en/career
STATUM,https://statum.dk
The Great Wild,https://thegreatwild.com
Workwide,https://workwide.se
Envira,https://envira.dk
Autobutler,https://autobutler.dk
Epione Medicine,https://epionemedicine.com
Esther's,https://esthers.se
FJONG,https://fjong.com
Hold,https://hold.app
Labelf AI,https://labelf.ai
Luminy AI,https://luminy.se
Practio,https://practio.co.uk/travel-health
Rokita,https://rokita.dk
Scaleup Finance,https://scaleup.finance
Second Foundation,https://secondfoundation.dk
Skatteguiden,https://skatteguiden.dk
Cerebriu,https://cerebriu.com
Etleap,https://etleap.com
ExecuteAI,https://executeai.software
GOONTECH,https://goontech.no
Hubii,https://hubii.com
Lentii ApS,https://lentii.com
Munk AI,https://munkai.ai
Nørd Studio ApS,https://noerdstudio.eu
Norway Health Tech,https://norwayhealthtech.com
FigureFlow,https://figureflow.app
Gismap,https://gismap.dk
Indoor Sunglasses,https://mind-diver.com
JABS Group,https://jabsgroup.com
Kaboozt ApS,https://kaboozt.com
Lensor,https://lensor.io
Messuille Oy,https://messuille.fi
Re:meat,https://remeatfoods.com
Baby Journey,https://babyjourney.se
Banana Cph,https://bananacph.com
Camp 86,https://camp86.com
CYVI,https://cyvi.io
Hemi,https://hemihealth.com
Motionshift,https://motionshift.io
Okay,https://okaythis.com
PORPLE,https://oskara.org/porple
TravelTail,https://traveltail.co
VG Lab,https://vglab.no
WeAre solutions oy,https://weare.fi/en
Wepost,https://weposthq.com
Abrigo Studio,https://abrigostudio.wordpress.com
Copenhagen School of Entrepreneurship,https://cse.cbs.dk
Disior Ltd,https://disior.com
Docendo,https://docendo.dk
EsterCare,https://estercare.com
FinanceKey,https://financekey.com
Pigello,https://pigello.se
Uvisa Health,https://uvisahealth.com
XHOME Oy,https://xhome.fi
Abundo Live,https://abundolive.se
C-Cube,https://c-cube.webflow.io
Design Letters,https://designletters.dk
Emmy Clothing Company Oy,https://store.emmy.fi
Intercare,https://intercare.dk
MIXMOVE,https://mixmove.io
PayTack,https://paytack.com
Quickorder,https://quickorder.io
Startup Foundation,https://startup-saatio.fi
WARM (World Airplay Radio Monitor),https://warmmusic.net
ZALAB,https://zalab.co
Archii,https://archii.ai
Hey Planet,https://hey-planet.com
Dazzle Rocks,https://dazzle.rocks
Frank Students,https://frank.fi
Get Jenny,https://getjenny.com
Grandhood,https://grandhood.dk
InterBridge,https://interbridge.no
MeetinVR,https://meetinvr.com
MOMSTER APS,https://momster.dk
Redono Oy,https://redono.fi
Starcounter,https://starcounter.com
"Tendo - For people, not symptoms",https://tendoforpeople.se
Your.Rentals,https://your.rentals
Zwapgrid,https://zwapgrid.com
Aeromine Technologies,https://aerominetechnologies.com
alma madmarked,https://almamad.dk
Benjis Sea Moss,https://benjis-seamoss.dk
Candyfloss Collective,https://candyfloss.dk
laiout,https://laiout.co
PARGO ApS,https://pargo.dk
Seculyze: Precision Security Engineering,https://seculyze.com
SureShot,https://sureshot.video
uniclub,https://uniclub.dk
Vinter,https://vinter.co
Yumly,https://getyumly.com
Airlabs,https://airlabs.com
Behold,https://behold.cam
Cora,https://corafone.com
Lumina,https://lumina-ai.dk
Nordcloud,https://nordcloud.com
Randi.ai (Randi Labs AS),https://randi.ai
Serpier,https://serpier.com
Staffer.ai,https://staffer.ai
Startup Aarhus,https://startupaarhus.com
Talent Garden Denmark,https://talentgarden.org
Touchize,https://touchize.com
Yousician,https://company.yousician.com/careers
Bobu,https://bobu.dk
Data & More,https://dataandmore.com
Emma Systems,https://emma.aero
Empire AI,https://empireai.co
Nordic Charge,https://nordiccharge.com
Operta,https://operta.io
The Organic Crave Company,https://theorganiccrave.com
Triba Health,https://triba.dk
Upotential - The Gym for Mental Fitness®,https://upotential.se
Cleardox,https://en.cleardox.io
dCompany,https://dcompany.no
Enterspeed,https://enterspeed.com
FUNCiFUR,https://funcifur.com
H3D,https://h3d.ai
Landell Games,https://landellgames.com
Pej,https://pej.se
Sprintly,https://sprintly-exchange.com
Stoqup,https://stoqup.com
SyncVR Medical,https://syncvr.tech/en
Tattoodo,https://tattoodo.com
THE CURATED,https://shopthecurated.net
ALOADED,https://aloaded.com
Buenno,https://buenno.fi
Samhub AB,https://samhub.io
Fernis,https://fernis.com
gardenr,https://gardenr.com
Kubert,https://kubertapp.com
Nhost,https://nhost.io
Prizebeat,https://prizebeat.com
Stealth Black Oy,https://stealth.black
Triband ApS,https://triband.net
Vev,https://vev.design
Bionova Ltd,https://oneclicklca.com
Certainly Group,https://certainly.io
Dialogtrail,https://dialogtrail.com
Enabled Robotics,https://enabled-robotics.com
Findec,https://findec.co
Gigway,https://gigway.se
GrepS,https://greps.com
Monsido,https://monsido.com
Record Union,https://recordunion.com
SVRVIVE Studios AB,https://svrvive.com
GydEd,https://gyded.me
ArcticStartup,https://arcticstartup.com
Cobiro A/S,https://cobiro.com
Ecobloom,https://ecobloom.se
Elderlearn,https://elderlearn.dk
Enterpay,https://enterpay.fi
Flic,https://flic.io
Insurello,https://insurello.se
NOWO,https://nowo.se
SquidHub,https://squidhub.com
Sweet Studio,https://sweet.studio
Teamhub,https://goteamhub.com/sv
Tifti,https://tiftiapp.com
Tosify,https://tosify.com
ADA,https://ada.media
Corner Nordisk ApS,https://corneridk.com
dQmetrics,https://dqmetrics.dk
Mugato,https://mugato.com
Nordbo Robotics,https://nordbo-robotics.com
NordInsight,https://nordinsight.com
P.O.Y Consulting,https://poy.dk
Rodinia Generation,https://rodiniageneration.io
Worthmore,https://worthmore.io
Airtame,https://airtame.com
Dialog Intelligens,https://dialogintelligens.dk
Edumo,https://edumo.io
Elly,https://ask-elly.co
Endless Food Co,https://endlesscph.com
Katapult Ocean,https://katapultocean.com
MUZE The Brand,https://muzethebrand.com
Trendbook,https://get.trendbook.app
Userlink,https://userlink.ai
Agoprene AS,https://agoprene.com
AIATELLA,https://aiatella.com
Factlines AS,https://factlines.com
Formitable,https://formitable.com/en
GlossGods,https://glossgods.com
Let's Roll,https://lets-roll.app
Navidium,https://navidium.com
Orca,https://getorca.com
SASHA,https://sasha.eu
Unseen Bio,https://unseenbio.com
Alvenir,https://alvenir.ai
Arctic Security Oy,https://arcticsecurity.com
DONNA media,https://donna.media
Dynasty Studios,https://dynastystudios.io
eKrone,https://ekrone.xyz
Falcony,https://falcony.io
Heaply,https://heaply.dk
Liveshopper,https://liveshopper.net
Logcast,https://logcast.io
Nutriverse,https://nutriverse.dk
Salire AS,https://aiflowcrm.com
SASU,https://sasu.no
Stellar Music,https://stellarmusic.dk
Esgaia,https://esgaia.com
Appostrophe,https://appostrophe.com
BayX,https://bayx.org
Business Battlefield,https://businessbattlefield.org
Culture Works,https://cultureworks.dk
Leadoo Marketing Technologies,https://leadoo.com
MARDA,https://mardaswimwear.com
MuteBox,https://mutebox.dk
Storeshop,https://storeshop.no
Visiana,https://bonexpert.com
Adwallet,https://adwallet.io
ARYZE,https://aryze.io
Auk,https://auk.eco
BunkerMetric,https://bunkermetric.com
Cando,https://cando.io
Ferritico,https://ferritico.com
Hamsto,https://hamsto.com
Filox,https://filox.dk
Startdeliver AB,https://startdeliver.com
The Upright Project,https://uprightproject.com/careers
Abzu,https://abzu.ai
Behind Bars,https://behindbars.agency
Daily Bits Of,https://dailybitsof.com
KVS Technologies,https://kvstech.no
L.O.W - Skate Academy,https://lowacademy.dk
MiniFinans,https://minifinans.dk
Nord Media,https://nordmedia.dk
Nordic Blockchain Association,https://nordicblockchain.com
Post Office Social,https://postoffice.dk
Stroller AB,https://preggersapp.com
Trophy Games A/S,https://trophy-games.com
Blackwood Seven A/S,https://blackwoodseven.com
Crewnet,https://crewnet.io
EasyTranslate,https://easytranslate.com
Feedbackly,https://feedbackly.com
inzpire.me,https://inzpire.me
Leieting.no,https://leieting.no
Relink,https://relinklabs.com
Diggit AS,https://diggit.io
TRADEWORKS,https://tradeworks.io
BizBot,https://bizbot.com
Circulate,https://circulate8.com
Climaider,https://climaider.com
Findable,https://findable.no
Global Innovation Studios,https://globalinnovationstudios.com/home
Hyphen,https://hyphenapp.xyz
Moneezy.com,https://moneezy.com/career
MoveNation,https://movenationnow.com
Nixa.io,https://nixa.io
reWear it,https://rewearit.dk
Thriv,https://thriv.dev
Alcolase,https://alcolase.com
Ampy,https://ampy.se
Atlo,https://atlo.io
Chamberly AB,https://chamberly.net
OrderYOYO,https://orderyoyo.com
Palette,https://palette.team
ScaleupXQ,https://scaleupxq.com
SIS: Sisters In Startup,https://sisterstudio.dk
Spiff,https://getspiff.no
Spons,https://nb-no.spons.gg
Vital Beats,https://vitalbeats.com
wawa,https://wawafertility.com
Yobr,https://yobr.io
BioLib,https://biolib.com
Copenhagen Energy Partners,https://copenhagenenergypartners.dk
Coursfy,https://coursfy.com
Ditur.dk,https://ditur.dk
Even Founders,https://evenfounders.com
Float,https://floatanalytics.com
Freaky Sauces,https://freakysauces.com
GreenCarLane,https://greencarlane.com
Keypitt™,https://keypitt.com
QA.tech,https://qa.tech
RHE DK,https://rheglobal.com
Vedio,https://vedio.dk
AndLight,https://andlight.dk/shop/frontpage.html
AutoVex.fi,https://autovex.fi
Bookd,https://bookd.no
Fieldnode,https://fieldnode.com
Good Habit Co.,https://goodhabit.company
GREENIFY,https://greenify.dk
House of Math,https://houseofmath.com
hudda,https://hudda.io
Hypertype,https://hypertype.co
Keystones,https://keystones.dk
MICONE Group,https://miconegroup.fi
NORTHSTAKE,https://northstake.dk
Refyne Agency ApS,https://refyne.dk
A.S.Helsingö,https://helsingo.com
Camptoo,https://camptoo.fi
Lunch.Co,https://lunch.co
Melatech,https://melatech.io
Modulhus,https://modulhus.se
Nemas,https://nemasapp.com
Neurion,https://neurion.co
SAGA,https://saga.dk
Simple Very Simple,https://simpleverysimple.com
Startak,https://solartrackercontroller.com
Your Speech Factory,https://yourspeechfactory.com
Zoios,https://zoios.io
AddSearch,https://addsearch.com
Estrid,https://estrid.com
FlowStack ApS,https://flowstack.com
Funnel,https://jobs.funnel.io
Hark Technologies,https://harktech.no
IsoSkills Oy,https://isoskills.fi
Metry,https://metry.io
Molecular Quantum Solutions (MQS),https://mqs.dk
Mouseflow,https://mouseflow.com
UpFood,https://upfood.io
Art_Value,https://dasvegas.net
Aurora Digital,https://auroradigital.eu
COPUS,https://copus.dk
Eyr,https://eyr.md/en
Foodla,https://foodla.nu
GoodMonday APS,https://goodmonday.io
NA-KD,https://na-kd.com/sv
PayQin,https://payqin.com
Prelud,https://prelud.no
SpinDrive,https://spindrive.fi
Valaa Technologies,https://valaa.com
Vinka Oy,https://vinka.fi
Bakken & Bæck,https://bakkenbaeck.com
Battleriff,https://battleriff.com
Billy,https://billy.dk
Firtal Web A/S,https://firtal.com
Freska,https://freska.fi
Friday Group,https://fridaygroup.dk
Heymo!,https://heymo.se
Introdus,https://introdusapp.com
Katam,https://katam.se
momondo A/S,https://momondo.com
Noona Healthcare Oy,https://noona.com
Opinodo,https://opinodo.com
Swimlap,https://swimlap.se
BOARDIO,https://boardio.com
Drupps,https://drupps.com
Dryp,https://drypdata.com
Equalture,https://equalture.com
Ezensual.com,https://ezensual.com
Factbird,https://factbird.com
Firmnav,https://firmnav.com
Serene,https://meetserene.com
Shape Games,https://shapegames.com
Shewy,https://shewy.co
SimpleSite,https://simplesite.com
Wult,https://wult.io
AutoRank.ai,https://autorank.ai
Azendo,https://azendo.co/about-azendo
FabiBoks ApS,https://fabiboks.dk
Fairec,https://fairec.io
Folkæt,https://folkaet.com
Frihedsbrevet,https://frihedsbrevet.dk
Lyfta,https://lyfta.app
My Mental Wellbeing (MMW),https://mmwai.io
NIMARA ApS,https://nimara.dk
Propane,https://usepropane.ai
Studio Nadine,https://artful-lens-shop.lovable.app
The Thea Company AB,https://thetheacompany.com
3D Actions ApS,https://3dactions.com
Cemasys Danmark ApS,https://portal.cemasys.com
Happy Helper,https://happyhelper.dk
Insutex,https://insutex.co
InterForm A/S,https://interform400.com
Klikko,https://klikko.dk
Norden Homes,https://nordenhomes.fi
Oak,https://getoak.app
Pentimenti.ai,https://pentimenti.ai
Profound North,https://profoundnorth.com
SCENES,https://scenes.dk
Sera Scandia A/S,https://serascandia.com
Tribe Networks Ltd Oy,https://tribenetworks.ai
WeHost,https://wehostfinland.com
6D Tape,https://6dtape.com
b.energy,https://b.energy
Blue Atlas Robotics,https://blueatlasrobotics.com
Cruncho Events,https://cruncho.com
Digifys DK A/S,https://digifys.dk
Hjortekær Danmark,https://hjortekaer.com
Palats,https://palats.app
rek.ai,https://rek.ai
SimplyOrganized,https://simplyorganized.dk
Skyfri,https://skyfri.com
StageZero Technologies,https://stagezero.ai
Tixy,https://tixynft.com
AsoY,https://artspeaksofyou.com
BeWo,https://bewo.io
Bluewhale ApS,https://bluewhale.dk
DTACT,https://dtact.com
Eningo,https://eningo.se
EvodiaBio,https://evodiabio.com
LIFT,https://lft.ai
Octlight ApS,https://octlight.com
Peach Fitness,https://peachfitness.co
Planway,https://planway.com
Qvonto,https://qvonto.com
Sound Hub Denmark,https://soundhub.dk
Surprise,https://surprise.com
Acamp,https://acamp.com
Ainak,https://ainak.io
Frivind AS,https://frivind.no
LOOW,https://loow.com/da
Nordic Strong,https://nordicstrong.com
OOONO,https://ooono.com
ProSave,https://prosave.dk
Rå Hygge,https://rahygge.com
Scaleout Systems,https://scaleoutsystems.com
Tjommi,https://tjommi.app
Aquaai,https://aquaai.com
Bob W.,https://bobw.co
brinja,https://brinja.se
Hedvig Hemförsäkring,https://hedvig.com/se/hemforsakring
Helsinki Fintech Farm,https://helsinkifintech.fi
Hollywood 2.0 Alliance,https://hollywoodtwo.org
Logical Clocks,https://logicalclocks.com
Mapita Oy,https://maptionnaire.com
The Sales Factory AS,https://thesalesfactory.no
xNomad,https://xnomad.co
Y4 Works,https://y4works.fi
Zilant,https://zilant.tech
Caliber,https://groupcaliber.com
Caroom,https://caroom.fi
InnoBrain,https://innobrain.se
INTELECY AS,https://intelecy.com
Invoke Software,https://invoke-software.com
Klimato,https://klimato.co
Myrqvist,https://myrqvist.se
Passenger One AB,https://passenger.se
Scoutbase,https://scoutbase.com
Altum Technologies,https://altumtechnologies.com
Chabber,https://chabber.com
Cuckoo Workout,https://cuckooworkout.com
Darkglass Electronics,https://darkglass.com
DeskMe,https://deskme.com
Impact Roasters,https://impactroasters.dk
Luca Labs,https://lucalabs.com
Nordsense,https://nordsense.com
Rain Games,https://rain-games.com
Rawbite ApS,https://rawbite.eu
The Folklore Company,https://folklorecompany.com/en
Tölve,https://tolve.se
Algoryx,https://algoryx.se
Blue Ocean Robotics,https://blue-ocean-robotics.com
Cake it easy,https://cakeiteasy.no
Delogue PLM,https://delogue.com
eeSea,https://eesea.com
Kaffe Bueno,https://kaffebueno.com
LARSEN & ERIKSEN,https://larseneriksen.com
MindApps,https://mindapps.se
Neurescue,https://neurescue.com
Nustay.com,https://nustay.com
Shifter Media,https://shifter.no
Startup Bergen,https://startupbergen.no
Book My Ride,https://bookmyride.se
Danish Cyber Defence,https://danishcyberdefence.dk
Walor,https://walor.io
Generaxion,https://generaxion.com
Repasdo,https://repasdo.com
SoilSense,https://soilsense.io
Steerpath,https://steerpath.com
The Collective,https://mmoeberg.wixsite.com/thecollective
Askeladden & Co,https://askeladden.co
Columbia Road,https://columbiaroad.com
Fischer Lighting,https://fischer-lighting.com
Gigstar.app Marketplace for the on-demand workforce & Gig-Economy,https://gigstar.app
North Sea Salt Works,https://northseasaltworks.no
Panprices,https://panprices.com
Price Edge,https://priceedge.eu
Quantum Machines,https://qdevil.com
Reaktor Space Lab,https://reaktorspace.com
Startup Refugees,https://startuprefugees.com
Toughbyte,https://toughbyte.com
Passbuy,https://passbuy.com
ARTBIO,https://artbio.com
Blackwall,https://blackwall.com/en/home
Envo,https://thinkenvo.com
ENZIDIA,https://enzidia.com
Kopenhagen Konsulting,https://kopenhagenkonsulting.com
LYTE,https://lyte.dk
PowerMatch ApS,https://powermatch.dk
Real-Time LCA,https://realtimelca.com/en-us
Riddlehouse,https://escaperoom-riddlehouse.dk
Trailr.ai,https://trailr.ai
Yokai Games,https://umami-games.com
Amertat Energy,https://amertate.com
Cantek Media,https://cantekmedia.dk
Dalberg Media,https://dalbergmedia.com
Dream Delivery,https://dreamdelivery.dk
HighHouse,https://highhouse.dk
Mind Studio,https://mindstudio.life
Siljangade,https://siljangade.com
Taxwize.ai,https://taxwize.ai
To Øl,https://toolbeer.dk
A7 Europe AS,https://a7europe.com
Bergen Robotics,https://bergenrobotics.com
EedenBull AS,https://eedenbull.com
Emberly,https://ember.ly
Fleks,https://fleks.no
Gobi Stories AS,https://gobistories.com
Innovation Dock,https://innovationdock.no
Manolin,https://manolinaqua.com
Material Mapper AS,https://materialmapper.com
Nettbil,https://nettbil.no
Sloyd,https://sloyd.ai
XperiTech AS,https://xperitech.com
ZEN OCEANS,https://zenoceans.com
Capital Systems,https://capitalsystemsaps.com
ENDA,https://enda.se
Gokaya,https://gokaya.se
Identity Stack,https://identitystack.dk
INXO A/S,https://xoyourlife.com
Jule sweaters,https://jule-sweaters.dk
Kvasir Technologies,https://kvasirtechnologies.com
Light Stage®,https://lightstage.io
Medlo,https://medlo.se
Nordd ApS,https://nordd.dk
Shary,https://myshary.com
Tekudo,https://tekudo.io
WhistleSystem,https://whistlesystem.com
Agrain by Circular Food Technology,https://agrainproducts.com
Arctic Farming,https://arcticfarming.fi
Aura Cloud AB,https://auracloud.com
Eace Gum,https://eacegum.com
Gaveshop.nu,https://gaveshop.nu
Hubins.com,https://hubins.com
Kasa Studios,https://kasa-studios.com
Nuento,https://nuento.dk
Startup Migrants,https://startupmigrants.com
Tjekvik,https://tjekvik.com
Vattn,https://vattn.se
Debbie,https://debbiecollect.com
HELIOT EMIL,https://heliotemil.com
Occtoo AB,https://occtoo.com
OpenIAP,https://openiap.io
PlanRadar,https://planradar.com/se
Startup Grind Helsinki,https://startupgrind.com
SurplusHub International AS,https://surplushub.com
Tag-go,https://tag-go.com
The Resort Co,https://theresortco.com
Tjekbil,https://tjekbil.dk
ViaBill,https://viabill.dk
Völur AS,https://volur.no
Battkomp AS,https://battkomp.no
Artific Intelligence,https://artific.ai
Betao AB,https://betao.se
Earner,https://earner.ai
Entrepreneurs Without Borders,https://ewb.world
Lupinta®,https://lupinta.se
Speechly,https://speechly.com
Studio High Paw Pet Sitting,https://high-paw.dk
BITE,https://bitedrink.com
Wicity,https://swespacetech.com
BuildFlow,https://buildflow.se
ComplyCloud,https://complycloud.com
Develop Diverse,https://developdiverse.com/about
Folq,https://folq.no
Jolla,https://jolla.com
Neuroflux,https://neuroflux.fi
Pensure,https://pensure.dk
Popit,https://popit.io
RiskPoint A/S,https://riskpoint.eu
Vertical Strategy,https://verticalstrategy.com
Admee,https://admee.co
BitSpace AS,https://bitspace.no
ELA AS,https://ela-as.no
Oliasoft AS,https://oliasoft.com
Searis,https://searis.no
Strawpay,https://strawpay.com
The Apple Girl,https://theapplegirl.org
UP! International AB,https://paceup.se
WellGuard AS,https://wellguard.no
Bookwells,https://bookwells.dk
Detectify,https://detectify.com
Drivr,https://drivr.com
Findroommate,https://findroommate.dk
movogo,https://movogo.io
Munin Sports,https://muninsports.com
Ode,https://odecares.no
Planima,https://planima.se
Stellar Media ApS,https://stellarmediacorp.com
Sunny Life Co.,https://sunnylifeco.com
TIND,https://tind.io
Trace,https://tracewearable.com
We Do Sales,https://wedosales.dk
Bolt,https://bolt.eu/en
Common Clouds,https://commonclouds.com
Eyecheck System,https://eyecheck-system.com/en-GB
Finnish Business Angels Network,https://fiban.org
Future Leaders Global,https://futureleadersglobal.com
Kyoto Group AS,https://kyotogroup.no
Miracle Consulting AB,https://miracleconsulting.se
Platform6,https://platform6.fi
Wavy Wonders ApS,https://wavy-wonders.com
Xilium A/S,https://xilium.com
Aleap AS,https://aleap.no
Brathwait,https://brathwait.com
CrayoNano,https://crayonano.com
Damn Good Coffee Company,https://damngoodcoffeecompany.com
Desert Control,https://desertcontrol.com
Innovation Factory,https://jakarta.block71.co
StepOut,https://stepout.fi
NØIE ApS,https://noie.com
Svenn As,https://svenn.com
Syncc,https://syncc.app
VOI Technology SE,https://voiapp.io
We.Care,https://we.care/psykolog-job
1KOMMA5 DK A/S,https://1komma5.dk
Adtool ApS,https://adtool.io
Affluency,https://affluency.se
Archie,https://archieknows.com
Brinna AI,https://brinna.ai
Capipal,https://capipal.ai
GrønBlå,https://gronbla.com
HubBroker ApS - EDI Software Solutions,https://hubbroker.com
Jaspi,https://jaspi.io
Koppelmann Art,https://laurakoppelmann.com
Odins.ai,https://odins.ai
Reversio,https://reversio.io
Silicon Valhalla,https://siliconvalhalla.no
Artstash,https://artstash.io
Calori,https://calori.fi
Digital Commerce Finland,https://digitalcommerce.fi
(di)vision,https://di-vsn.com
Spotipo ApS,https://spotipo.com
theo.ai,https://theo.ai
Winnershape,https://winnershape.dk
ZRM,https://zrm.dk
AURA Biopharm AS,https://aurabiopharm.com
Biofood Trade AS,https://biofood-group.com
Carrot,https://carrot.tech
Climate-KIC,https://climate-kic.org
FF Rollerskis AS,https://ffskis.com
IC Technology AS,https://ic-tech.no
OMI Gaming,https://omigaming.com
PortalOne,https://portalone.com
Radiocraft,https://radiocrafts.com
Reselo,https://reselo.se
Versiro,https://versiro.com
Vili Ve Group s.u.,https://vilivegroup.com
AlexisHR,https://alexishr.com
BASE life science,https://baselifescience.com
Biosyntia,https://biosyntia.com
Maildock,https://maildock.io
Cognity,https://cognitysystems.com
ComplyTeq,https://complyteq.com
Elou,https://elou.dk
Influencio,https://influenc.io
Kubbco,https://kubbco.com
RePack,https://repack.com
Virnex,https://virnex.fi
XBTO Humla Ventures,https://xbtohumla.vc
zupply,https://zupply.site
Are You Content?,https://areyoucontent.dk
Carousel,https://carouselgroup.se
Alpha Studio,https://alphastudio.no
Juristic,https://juristic.io
Leadwise A/S - Letfinans,https://letfinans.dk
Muna.io,https://muna.io
Blockstore Group,https://blockstoregroup.com
Wally And Whiz,https://wallyandwhiz.dk
Bak Probiotic Skincare,https://bakskincare.dk
BifrostConnect,https://bifrostconnect.com
Cirous Ltd,https://cirous.fi
Dreams,https://getdreams.com/en
DUFFBeauty,https://dufflashes.dk
EasyR ApS,https://easyr.dk
Evoy A/S,https://evoy.no
Greenele,https://greenele.fi
NL Acoustics,https://nlacoustics.com
SmartBudget,https://smart-budget.dk
SKOSH,https://skosh.se
Studly,https://studly.eu
WARD 24/7,https://ward247.com
Auranest,https://auranest.com
Carly's Natural Company,https://carlysnatural.com
EXPLOY,https://exploy.com
House Of Service,https://houseofservice.se
iKontrol ApS,https://ikontrol.dk
Learn Handball AS,https://learnhandball.com
Triolith Games AB,https://triolith.com
Virta,https://virta.global
Yogaia,https://yogaia.com
AirHelp,https://airhelp.com
Cand,https://cand.dk
EcoFarm Technology,https://ecofarm.technology
Njus,https://njus.me
Priceup AB,https://priceup.se
Tunnel Vision Games,https://tunnelvisiongames.com
zale,https://zale.dk
720 Degrees,https://720.fi
Action Squad Studios,https://actionsquadstudios.com
Adtile Technologies,https://adtile.me
CALLSTATS I/O,https://callstats.io
Car.info,https://car.info
CheckProof,https://checkproof.com
Storyspot,https://storyspot.io
UNIMEDIA AS,https://unimedia.no
Vyer Technologies,https://vyer.com
Work Ahead,https://workahead.co
Actimo - a Kahoot! company,https://actimo.com
Fanbooster,https://fanbooster.com
Hitalento.com,https://hitalento.com
Krea,https://krea.se
MapUp (formerly Map Courses),https://mapup.ai
Mustache ApS,https://mustache.dk
Retail X,https://retailx.dev
SILVERS,https://thesilvers.dk
SONISTO,https://sonisto.com
Weblinc,https://weblinc.dk
Beetroot Academy,https://beetrootacademy.se
Craft Games,https://spaceships.io
Source,https://sourcemoon.com
Fairhomes,https://fairhomes.io
IDM Group,https://idmgroup.fi
Impact Hub Bergen,https://bergen.impacthub.net
ModaResa,https://modaresa.com/careers
NordlyHome ApS,https://nordlyhome.dk
Pisara Learning,https://pisaralearning.com
Shield,https://shieldapp.ai
WeSolve,https://wesolve.app
Acembee,https://acembee.com
Anea.ai,https://anea.ai
CELTO,https://celto.dk
Clause Out,https://clauseout.io
ESEBA,https://eseba.io
FEESH,https://sites.google.com/nordicbioventures.com/feesh/home
IKALENE,https://ikalene.com
KALO,https://kalokopenhagen.dk
Story-Lab Learning,https://story-lab.io
Tab Technology,https://tab.technology
Zerify AB,https://zerify.se
6AM,https://6am.no
Cliarly,https://cliarly.com
CoHo - The Content House,https://coho.dk
Digiseg,https://digiseg.io
LMS365,https://lms365.com
SOREN Hydrogen (Formerly POWELY),https://powely.com
Quiver,https://quiver.dk
Sidestream,https://sidestreamcph.dk
Snowii,https://snowii.dk
Zendeq,https://zendeq.com
AnsuR,https://ansur.no
Clarify,https://clarify.no
Disruptive Engineering AS,https://dengineering.no
Ellingsen Group,https://ellingsengroup.com
Joinplay Games Studios Oy,https://joinplaygames.com
Movel AS,https://movel.no
Nordic Unmanned AS,https://nordicunmanned.com
Noroff Education,https://noroff.no
Ose Water AS,https://osewater.com
SevenSix,https://sevensix.no
SOOHIA,https://soohia.com
Asteria AB,https://asteria.ai
Celora Studio,https://celora.studio
Flowstate Games,https://flowstate.games
Freetrade,https://freetrade.io
Globhe,https://globhe.com
JHB group,https://jhbfastighet.se
LegalPass,https://legalpass.com
Sayduck,https://sayduck.com
Scale Capital,https://scalecapital.com
Social Bites,https://socialbites-ea.com
Spect8,https://spect8.no
Sports Lab Copenhagen,https://sportslab.sport
aerit,https://aerit.io
Blockbonds AS (SPENN),https://spenn.com
FÆRM,https://faerm.dk
Frey,https://freycommodities.com
GO-Pen ApS,https://go-pen.com
Mitigrate AS,https://mitigrate.com
NAUST Robotics,https://naustrobotics.com
Qapital,https://qapital.com
rehaps,https://rehaps.dk
RETEX Panels,https://retexpanels.com
Matr Foods,https://scicular.com
Spiideo,https://spiideo.com
Winningtemp AB,https://winningtemp.com
ÅBN ApS,https://aabn.io
Campion,https://campion.app
Cura Connect,https://curaconnect.se
Desquare,https://desquare.se
Dot.vu,https://dot.vu
Kassavirtanen Oy,https://kassavirtanen.fi
loop-it,https://loop-it.se
MXNEY,https://mxney.io
Reetro,https://reetro.io
Trail Systems,https://trail.fi
Videolink,https://videolink.dk
Airvita Global,https://airvitaglobal.net
QP Games ApS,https://kryss.app
Groke Technologies Oy,https://groke-tech.com
Jakoa Enterprises Oy,https://jakoa.fi
Marimetrics,https://marimetrics.no
Nuuka Solutions,https://nuukasolutions.com
Prime Penguin,https://primepenguin.com
Robot Uprising,https://robotuprising.fi
Snapplication Oy ( Local App ),https://localapp.fi
Soundseek - One app for all your music,https://soundseek.io
Toristy,https://toristy.com
Transfer Galaxy,https://transfergalaxy.com
Battery Intelligence Oy,https://bamomas.com
Cloudeon,https://cloudeon.com/en
Copenhagen Nanosystems ApS - cphnano,https://cphnano.com
Happyr,https://happyr.com
Lorenz Technology,https://lorenztechnology.dk
Maneno ApS,https://maneno.dk
Metvibee,https://metrunner.com
Scope,https://scopeapp.io
Sharper Shape,https://sharpershape.com
Sweetspot,https://sweetspot360.com
textalk media,https://textalk.media
Gneis Agency,https://gneisagency.com
addition agency,https://additionagency.io
Antourage,https://antourage.co
AxCrypt,https://axcrypt.net
Lo-Op,https://lo-op.co
Matchmade,https://matchmade.tv
Musopia,https://musopia.net
PentaLock,https://pentalock.com
Pronestor,https://pronestor.com
Reset Solutions,https://reset-official.blogspot.com
Tada Medical AB,https://tadamedical.com
TechVeda,https://techveda.com
Uber Eats,https://about.ubereats.com
Woilà,https://woila.se
Copenhagen Family Tours,https://familytours.dk
DUDE Packaging,https://dudepackaging.com
FANBOY,https://fanboy.pro
Klart,https://klartkbh.dk
mailsuit,https://mailsuit.com
Matter,https://thisismatter.com
Screenful,https://screenful.com
SmokeQuit,https://smooff.dk
Somera,https://somera.dk
Strossle,https://strossle.com
TrademarkNow Oy,https://trademarknow.com
ZignSec,https://zignsec.com
Arctic Coliving | Voss & Lofoten,https://arcticcoliving.com
Bedre Nætter,https://bedrenaetter.dk
Bloggers Delight,https://bloggersdelight.dk
Emplate,https://emplate.it
Optolexia,https://optolexia.se
Qasa,https://en.qasa.se
Roccamore,https://roccamore.com
The Camp,https://thecamp.io
TrueMass,https://truemass.io
Typelane,https://typelane.com
WakeupData,https://wakeupdata.com
Bagabù,https://bagabu.shop
Bellyfood ApS,https://bellyfood.dk
Edunation,https://edunation.co
Hello Ada,https://helloada.ai
Ignite Procurement,https://igniteprocurement.com
LEAP - The Business Model Game,https://businessmodelgame.com
MoMo by Monitz,https://monitz.com
Northeast Flow Oy,https://northeastflow.com
Quickit,https://quickitorder.com
Twinverse,https://twinverse.eu
Zack Health,https://zackhealth.com
Anyware Solutions,https://anyware.solutions
Snakker.io,https://snakker.io
Dyno Robotics AB,https://dynorobotics.se
Mindpool,https://mindpool.com
POOW The Food Hero,https://poowapplication.com
Tekslo Seafood,https://teksloseaweed.no
Subaio,https://subaio.com
SuFu - Your Sustainable Future,https://sufu.dk
Teambox,https://teambox.dk
VEM,https://getvem.com
Vevios- The future of safety alarms,https://vevios.io
Ascend XYZ,https://ascendxyz.com
BURD,https://burd.dk
Congrid,https://congrid.fi
iNANOD,https://inanod.com
KiteX,https://kitex.tech
Mellow Chocolate,https://mellow-chocolate.com
Mimer,https://letmimer.com
sakea,https://sakea.studio
Tikkio,https://tikkio.com
Trast,https://trastpanatet.se
WinWinKit,https://winwinkit.com
Calibras ApS,https://calibras.dk
ChroniCare,https://chronicare.io
Cresnd,https://cresnd.com
Dokport,https://dokport.com
Football Travel ApS,https://footballtravel.dk
Impact Market,https://impact-market.org
Manuscript Manager,https://manuscriptmanager.com
Skilteplanen.dk,https://skilteplanen.dk
Swed Fintech AB,https://swedfintech.com
Traced Systems,https://tracedsystems.com
Wardn,https://wardn.com
Winning Impact AB,https://wimt.com
Changemkr,https://changemkr.com
CoCoach.com,https://cocoach.com
Daily Media,https://dailymedia.dk
Eat Wasted,https://eatwasted.com
Fredlund Husby ApS,https://fredlundhusby.com
MoveByBike Danmark,https://movebybike.se
Palance,https://palance.co
Seamount,https://seamount.biz
Skybox Technologies ApS,https://skybox.gg
SWOP,https://swop-fashion.ai
twig.energy,https://twig.energy
Umamamia,https://umamamia.com
Upper plate,https://foodservicegarage.com
Aila,https://aila.earth/en
Atopa.io,https://atopa.io
Canit,https://canit-app.com
Contractus,https://contractus.dk
Dr Hud,https://drhud.se
Fyaril,https://fyaril.com
Handyfix,https://handyfix.no
IT.no,https://it.no
Kanna,https://kanna-research.com
Læsk,https://laesk.dk
Nspire,https://nspire.dk
Omdrejningspunktet,https://omdp.dk
SoGreen,https://sogreen.is
Vandre,https://vandre.no
Amina,https://aminacharging.com
CoreAll AS,https://coreall.no
DIGS,https://meshcommunity.com/hubs/digs
Fjordmail Technologies,https://fjordmail.com
Norgeskart AS,https://norgeskart.net
Norwegian Government Security and Service Organisation (G.S.S.O),https://dss.dep.no
Quantfolio,https://quantfol.io
Sensio,https://sensio.com
Unite Global AS,https://unite-global.com
Viiral as,https://viiral.no
Zegeba AS,https://zegeba.com
Adless,https://adless.net
CAPSULE ApS,https://capsuleapp.io
FindSpot,https://findspot.io
gogo,https://gogoo.app
Layerise ApS,https://layerise.com
UGC BUTIKEN,https://matildaallanmarketing.com
Odla Mer,https://odlamer.com
VATKEY,https://vatkey.com
WR MEDIA,https://wrmedia.dk
Zylinc,https://zylinc.com/da
Brink Commerce,https://brinkcommerce.com
Cludo,https://cludo.com
Fullview,https://fullview.io
Konsolidator,https://konsolidator.com
LAZZAWEB,https://lazzaweb.dk
Neurospace,https://neurospace.io
Order of Meta,https://orderofmeta.com
AERIS,https://aeriscocktails.com
BYGAARD,https://bygaard.dk
Intelligent Banker ApS,https://intelligentbanker.com
Maka,https://makadesign.com
Matfra.no,https://matfra.no
Nordark,https://nordark.com
Q Nation A/S,https://qnation.dk
Reeler,https://reelertech.com
SolarDrive Container Power,https://solardrivecontainerpower.com
Swiperoom,https://swiperoom.com
Volour,https://volour.dk
Weld,https://weld.app
Amalo,https://amalo.dk
Anyday A/S,https://anyday.io
Carbo Culture,https://carboculture.com
CaseLab,https://caselab.io
Coinmotion Ltd.,https://coinmotion.com
DareDisrupt,https://daredisrupt.com
Oyama,https://getoyama.com
Variment,https://variment.io
Seaber.io,https://seaber.io
Woolman,https://woolman.co
Zenegy ApS,https://zenegy.com
3aS Partners,https://3as.fi
Beetroot,https://beetroot.se
DANISH GRANOLA COMPANY ApS,https://danishgranolacompany.dk
Hololink,https://hololink.io
Intrava,https://intrava.io
Manna Insect,https://mannainsect.com
Metaito,https://metaito.com
Nelinor,https://nelinor.com
S K A N D I N A V I S K,https://skandinavisk.com
SNOW FRIEND,https://snow-friend.com
Staffers AS,https://staffersapp.com
Superplus Games,https://superplusgames.com
Gemme Collective,https://thecommonclosets.com
Caterbee - B2B-food solutions,https://caterbee.com
Collective Minds Radiology,https://cmrad.com
DanaDynamics,https://danadynamics.com
Denthub,https://denthub.com
Edaptio,https://edaptio.com
Investio - a smarter P2B crowdlending platform,https://investio.no
PRECURE,https://precure.dk
PromoRepublic.com,https://promorepublic.com
Regen Farmer ApS,https://regenfarmer.com
Roll Media,https://rollmedia.se
SchoolsFocus,https://schoolsfocus.net
Simplifai AS,https://simplifai.ai
SoSe,https://sose.fi
Subit,https://subit.dk
Casefair Aps,https://casefair.com
Copenhagen Startup Weekend,https://startmega.com
EASI'R,https://easir.com
JetDogs Oy,https://jetdogs.com
Limber,https://limber.no
Movinn,https://movinn.com
Preely,https://preely.com/da
Revolut,https://revolut.com
Agens,https://agens.no
BRUCE,https://brucepass.com
Infobric Field,https://infobric.se/field/sv
ClickSys,https://clicksys.se
Easy At Work AS,https://easyatwork.no
Epigram AI,https://epigram.ai
Fintech Innovation AS,https://fintechinnovation.no
Hejdoktor.dk,https://hejdoktor.dk
Monsenso,https://monsenso.com
Northern Playground,https://northernplayground.no
Numascale,https://numascale.com
think.dk,https://https//think.dk
Tixio,https://tixio.io
Aweria,https://aweria.com
Cortrium,https://cortrium.com
EduLab,https://edulab.dk
Fieldly,https://fieldly.com
Foods of Copenhagen,https://foodsofcopenhagen.com
Langstack,https://langstack.com
Lexly Danmark,https://lexly.dk
Loyalty Key,https://loyaltykey.com
Nordic Startup Awards,https://nordicstartupawards.com
PT-Planner,https://pt-planner.com
Swush.com,https://swush.com
The Lunicorn,https://thelunicorn.com
Veovo,https://veovo.com
Wasoko,https://wasoko.com
Bember AS,https://bember.com
COACH Solutions,https://coachsolutions.com
Cuiz Game Design,https://cuizgamedesign.com
D-Fetch,https://d-fetch.com
DeePay,https://deepay.dk
Heapp,https://adakomani.no
Hireproof,https://hireproof.io
Nordic Koji Company,https://nordickoji.co
Milton Around the World,https://miltonatw.dk
Onemedia,https://onemedia.dk
Talentflow,https://talentflow.dk
Bici Bygg As,https://bicibygg.no
crunchorder,https://crunchorder.com
Family in Music,https://familyinmusic.com
Hack Shack,https://hackshack.dk
NOMO Technologies,https://nomo3d.com
Owayy,https://owayy.com
Prezentor,https://prezentor.com
Skolen Online - StudyOnline.school,https://skolenonline.dk
Talk Town,https://talktown.dk
The Plant Era,https://theplantera.com
THINGS - the Deep tech hub,https://thingstockholm.com
Tector,https://tector.com
Ambronite,https://ambronite.com
Bahn Express,https://bahnexpress.com
Black ApS,https://blackthis.com
BreatheWise,https://breathewise.dk
BYRD,https://byrd.dk
Coliving,https://coliving.com
Componental,https://componental.co
Fit+,https://fitplus.co
Food Farm,https://food.farm
HABITY,https://habity.co
Livid,https://lividjeans.com
Memoo,https://memoo.dk
Nembedemand,https://nembedemand.dk
Zenniz,https://zenniz.com
24Victoria,https://24victoria.dk
Aban Foundation,https://aban.foundation
ABchar,https://abchar.no
Bio-Me,https://bio-me.com
Drivhuset Stockholm,https://stockholm.drivhuset.se
LAB Finance,https://labfinance.dk
Lightr ApS,https://lightr.dk
Myvox,https://myvox.se
Nordic Compass,https://nordic-compass.org
Plinto,https://plinto.ai
Plussa,https://plussa.app
PropTech Denmark,https://proptechdk.dk
Rift Gaming,https://riftgaming.gg
VIA Media,https://viamedia.se
Copenhagen Investment,https://copenhageninvestment.dk
Cozy Game Studio,https://cozygamestudio.com
DORA,https://doratms.com
Foodture,https://taempeh.dk
GoodLife,https://goodlife.dk
Impact StartUp,https://impactstartup.no
Nikris ApS,https://wow-plantebaseret.dk
Nordic Boba,https://nordicboba.com
Postbuddy,https://postbuddy.dk
Blackbox Media,https://blackboxmedia.io
Colab,https://colabofficial.com
Crystallize,https://crystallize.com
Denominator,https://denominator.com
Expatation,https://expatation.dk
Grade A Copenhagen,https://gradeacopenhagen.com
HenryFlow,https://henryflow.com
MedicQuant,https://medicquant.com
Neglefeber.dk,https://neglefeber.dk
PUBLICAE,https://publicae.org
Roots of Malmö Kombucha,https://rootskombucha.se
Unlisted,https://unlisted.ai
VR Games Zone,https://vrgames.no/en
BLING Startup,https://blingstartup.se
BRGN AS,https://brgn.com
Devent,https://devent.no
Qlerify,https://qlerify.com
Rubic AS,https://rubic.no
SENPAGE,https://senpage.org
SEO.ai,https://seo.ai
Synergi,https://synergi.so
The Fiddlery,https://thefiddlery.dk
Apartly,https://apartly.se
Copenhagen Cartel,https://copenhagencartel.com
Drip,https://drip.com
Hydrosafe,https://hydrosafe.dk
MAJ,https://maj.works
MIR Insight,https://mirinsight.com
Preglife,https://preglife.com
Sens-vue ApS,https://sens-vue.dk
Simplewire,https://simplewire.io
Skymill DK,https://skymill.io
TEGnology,https://tegnology.dk
Headway,https://yourheadway.no
Ampa Medical,https://ampamedical.com
EIVEE,https://eivee.io
eSportligaen,https://esportligaen.dk
HEIMDALL'S,https://heimdalls.dk
Hive Helsinki,https://hive.fi
LEJKA,https://lejka.dk
Livo,https://livo.nu
Local Minds,https://localminds.se
NOON Ventures,https://noon-ventures.com
Nordplaner ApS,https://nordplaner.dk
Noviral,https://noviral.se/halsotjanster-foretag
RightPerson,https://rightperson.com
VibroAcoustics,https://vibroacoustics.dk
Visslan,https://visslan.se
AltaPay,https://altapay.com
byBiehl,https://bybiehl.com
Cosgear,https://cosgear.co
Dotcom Capital,https://dotcom-capital.com
ejendom.com,https://ejendom.com
Resourced,https://findsourcing.com
Flow Robotics A/S,https://flow-robotics.com
Fundmarket,https://fundmarket.dk
Twebcast,https://twebcast.com
Your Personal Professor,https://yourpersonalprofessor.org
Boogiz,https://boogiz.webflow.io
Ducklas Media,https://ducklas.com
Nenda,https://nenda.com
Satcube,https://satcube.com
Savvie,https://savvie.io
Servebolt,https://servebolt.com
Swash,https://swashapp.io
TRIIIO,https://triiio.dk
Vinisimo,https://vinisimo.dk
Workfellow,https://workfellow.ai
ZOI,https://zoi.agency
3D Group,https://3d.fi
Akuret,https://akuret.se
BrainLog,https://brainlog-ngo.com
Capino,https://capino.dk
Diwala,https://diwala.io
Faundit,https://faundit.com
FoodApp.Fi,https://foodapp.fi
LATO Leadership Automation Tools,https://latotools.com
Lemus,https://lemus.dk
NCrypted Technologies Oy,https://ncrypted.com
Turis,https://turis.app
VIRUS Europe,https://eu.virusintl.com
Blok,https://blok.se
BusinessWith,https://businesswith.se
CoreHW,https://corehw.com
Diet Doctor,https://dietdoctor.com
Evervest,https://evervest.com
FlowRobe,https://flowrobe.com
Genevia Technologies,https://genevia.fi
Gubbe.io,https://gubbe.io
HomeFair,https://homefair.no
BlackBeast Pro,https://blackbeastpro.com
Plata,https://plata.dk
Tomorrow Tech,https://tomorrow.fi
Vorna ID,https://vornaid.com
Beddit,https://beddit.com
doCover,https://docover.com
Drowzee,https://drowzee.com
Elsa,https://elsa.science
Gimic AB,https://gimic.se
Innovation House,https://ihf.fi
Mind And Body Lab,https://mindandbodylab.com
Petit Chateau,https://petit-chateau.com
Ponture,https://ponture.com
REinvent Studios,https://reinvent.dk
Touko,https://toukoapp.com
Adall AS,https://adall.no
Audioclub,https://audioclub.io
Copenhagen Robots,https://copenhagen-robots.com
Effectmakers,https://effectmakers.com
Stellar Capacity,https://stellarcapacity.com
Firmly,https://firmly.agency
Gelato,https://gelato.com
Grocemania,https://grocemania.co.uk
Hästnet Sverige AB,https://hastnet.se
Instantor AB,https://instantor.com
Nordetect,https://nordetect.com
Nordic Sales Crew Oy,https://nordicsalescrew.com
Criipto,https://criipto.com
Daman,https://damandigital.com
Flexound Systems Oy,https://flexound.com
HeyWork,https://heywork.se
HOOPIT,https://hoopit.io
Mevia,https://mevia.se
mi.tv,https://mi.tv
NUMBA ORGANIC,https://numba.dk
Podbike AS,https://podbike.com
Sambla AB,https://sambla.se
Soulland,https://soulland.com
Stylefindr,https://stylefindr.se
TeamEffect,https://teameffect.io
THEMAGIC5,https://themagic5.com
Brainville,https://brainville.com
BrightLabs,https://brightlabs.se
ChefMe,https://chefme.dk
Eatit,https://eatit.io
Fourdeg,https://fourdeg.com
iRaiser Nordic ApS,https://iraiser.eu
Mavenoid,https://mavenoid.com
Penneo,https://penneo.com
POLKU,https://polkuapp.com
riskrate,https://riskrate.io
Springfeed ApS,https://springfeed.dk
Upodi,https://upodi.com
Activity Stream,https://activitystream.com
Attach,https://attach.io
Digital Revisor,https://digitalrevisor.nu
Dinero,https://dinero.dk
Early Bird,https://earlybird.dk
Gro Play,https://groplay.com
Learner,https://learner.ai
X-SOLAR SYSTEMS,https://xsolarsystems.com
Nofence,https://nofence.no
Plecto,https://plecto.com
Canavita,https://canavita.dk
Spiio,https://spiio.com
Ulobby,https://ulobby.eu
Worldfavor,https://new.worldfavor.com
Aino.ar,https://aino.ar
Assembly Voting,https://assemblyvoting.com
BlackstoneOne,https://blackstoneone.net/en
Do Good Movement,https://dogoodmovement.earth
eBlaztr,https://eblaztr.com
Ethan Partners,https://ethanpartners.com
Jobbland AB,https://jobbland.se
Katalist,https://katalist.dk
Refurbly,https://refurbly.se
SUNT,https://sunt.tech
Harmoniq audio,https://harmoniqaudio.com
ArtPlayer,https://artplayer.com
Creator Makerspace,https://creator.no
Finuprise ApS,https://finuprise.com
IFS- International Flight Support,https://ifs.aero
Indo Naturals,https://indonaturals.com
KoFund,https://kofund.fi
Gyxi,https://gyxi.com
Norban,https://norban.se
Places,https://joinplaces.co
Seek+See ApS,https://seeknsee.com
Unicontrol - machine control made simple,https://unicontrol.io
YAYLOH,https://yayloh.com
BySpire,https://byspire.no
ChronosHub,https://chronoshub.io
Dogbuddy,https://se.dogbuddy.com
Ecoteria,https://ecoteria.no
Enqlare,https://enqlare.com
Crosstepper Me-Mover,https://me-mover.com
No Limitation,https://nolimitation.no
Normark Defence Aps,https://normarkdefence.com
Planday,https://planday.com
Qallio.com,https://qallio.com/en
Radiant,https://radiant.dk
RATOONG,https://ratoong.com
United Nations Youth Association(UNYA) Denmark,https://unya.dk
Pike,https://usepike.com
Bclude ApS,https://bclude.com
Cap,https://cap.vc
Coju.dk,https://coju.dk
Funler,https://funler.ai
GLYON,https://glyon.my.canva.site/glyon-website
Monotree,https://monotree.com
Pinpoint Estimates,https://pinpointestimates.com
Yuaia Haircare,https://yuaiahaircare.com
atta’s elegance ApS,https://attaselegance.com
Cariera,https://cariera.net
Frisk Fokus,https://frisk-fokus.dk
Groeningen,https://groeningen-energy.com
NHTA,https://nhta.com
Question Jam,https://questionjam.com
Visumansøgning ApS,https://visumansogning.dk
We Are Medusa,https://wearemedusa.ai
Bolighub,https://bolighub.dk
Dóttir,https://dottirhotyoga.com
Fact,https://fact.dk
Femme Lead,https://femmeleadpodcast.com
Liana Consulting,https://lianamarketing.com
Maskinera,https://maskinera.se
Rive,https://rivehomes.com
Sellintu ApS,https://sellintu.com
Subscrybe,https://subscrybe.com
Vaarnii,https://vaarnii.com
Disputas,https://disputas.no
Greenfact,https://greenfact.com
Klarna Norge AS,https://klarna.no
Lingu AS,https://lingu.no
Med-Storm GO,https://med-storm.com
Niuton AS,https://niuton.io
OKTO,https://okto.gg
Plant Tech,https://plant-tech.no
Rada Tech AS,https://rada.no
Solstorm Rocket Propulsion,https://solstorm.io
TioTech AS,https://tiotech.com
UNISOT AS,https://unisot.io
Yellow Umwelt,https://yu.agency
Akademikernes Startup,https://aka.dk/medlemstilbud/startup
Exabel AS,https://exabel.com
Sereluna,https://sereluna.no
Stiesdal,https://stiesdal.com
Venture Factory,https://venturefactory.no
Vesiro,https://vesiro.com
VR-Nature,https://vr-nature.com
Zaptec Denmark ApS,https://zaptec.com/en
Zwitch,https://zwitch.se
AgriRobot,https://agrirobot.ai
Hint Technology,https://stopscrolling.joinhint.com
Just Eat,https://just-eat.dk
Lotus Microsystems,https://lotus-microsystems.com
LoveMade Organics ApS,https://lovemadeorganics.com
PAPAPAPA,https://papapapa.dk
Preglife Connect,https://connect.preglife.com
ReFramed,https://reframedbrand.com
SIMTEQ A/S,https://simteq.com
Skinfo,https://skinfo.se
Source 2 Sea,https://source2sea.com
Sportway Denmark ApS,https://sportway.com
Storyflight,https://storyflight.dk
Tech Founders,https://techfounders.dk
Walkbeat AB,https://walkbeathorses.com
Abonnement.dk,https://abonnement.dk
Arealize,https://arealize.ai
Copenhagen Streaming,https://copenhagenstreaming.com
exMon,https://exmon.com
Grey Capital LLC,https://greycapital.company
IMP Scandinavia,https://impscandinavia.com
MAP Group ApS | Negate,https://mapgroup.dk
Orbitvu Nordic,https://orbitvunordic.com
Poss Balance,https://poss.fi
Second Trend,https://secondtrend.com
SilkOcean,https://silkocean.eu
Stockeld Dreamery,https://stockeld.com
TACO FOOD TRUCK,https://tacofoodtruck.dk
We are Safe ApS,https://wearesafe.dk
Aspera Digital,https://aspera-digital.dk
Brand New Ventures,https://brandnewventures.com
GoPitch,https://gopitch.dk/investor-soeges
Lillepip.dk,https://lillepip.dk
Greenlight Guru,https://greenlight.guru
StepUp Horse,https://stepuphorse.com
Studynow,https://ida.studynow.dk
The Visionary Company & VC,https://thevisionaryvc.com
UMAI,https://umai.io
Brainreader,https://brainreader.net
Btcswe,https://btcswe.com
Changdobels,https://changdobels.se/kundservice/sok-jobb
easymove,https://da.easymoveapp.com
Hjemmelegene,https://hjemmelegene.no
Howdy,https://howdy.care
JustGood,https://justgood.se
Newst AB,https://newst.se
Nomad Avenue ApS,https://nomadavenue.com
NordicGrow.,https://nordicgrow.dk
Tollson ApS,https://tollson.com
Zazu,https://zazu.love
ConnectedYou,https://connectedyou.io
EMBACO A/S,https://embaco.com
Equality Check,https://equalitycheck.it
Fantasma Games,https://fantasmagames.com
Glue Collaboration,https://glue.work
Go Dogo,https://go-dogo.com
Govtech.dk,https://govtech.dk
Kairos Technology AS,https://eldor.no
Web Tech Media Group,https://wtmg.se
Ally,https://ally.se
Bookie handmade books,https://bookie.fi
Compax Solutions,https://compaxsolutions.com
EasyWork,https://easywork.net
ELLIES,https://ellies.dk
MyMedCards,https://mymedcards.dk
Raven biosciences,https://ravenbiosciences.com
Sensonomic,https://sensonomic.com
SKAARHOJ ApS,https://skaarhoj.com
The Sound Clique,https://thesoundclique.com
Whyser,https://whyser.io
Wingroup ApS (bettingfamily.com),https://bettingfamily.com
Altpocket,https://altpocket.io
Bluebell ApS,https://bluebell.dk
CosmEthics,https://cosmethics.com
Emailplatform,https://emailplatform.com/da
FreezeTec ApS,https://freezetec.net
Movial,https://movial.com
MyLoyal,https://myloyal.com
Norteam AB,https://norteam.se
PSV,https://preseedventures.dk
ZoCom,https://zocom.com
AM-Lab Denmark,https://amlab.dk
barry,https://barry.energy
ComplyTo.com,https://complyto.com
Cotio,https://business.cotios.com
DigitalCareer,https://digitalcareer.dk
"Fantastic, yes",https://fantasticyes.com
Frontliners,https://frontliners.ai
Jappa,https://jappa.jobs
Particle3D,https://particle3d.com
SOLOSOCKS,https://solosocks.dk
Adprofit,https://adprofit.se
Drakon Editor Web,https://drakon-editor.com
GRACE Public Affairs,https://grace-pa.com
onefinestay,https://onefinestay.com
Erudita.Tech,https://erudita.tech
Stella Robotics,https://stellarobotics.com
Talking Ninja,https://talking.ninja
Whywaste,https://whywaste.se
Epiceros,https://epiceros.com
Iny Group AS,https://inygroup.no
meploy,https://meploy.me
Mermaid Stories,https://mermaid-stories.com
Shing,https://shing.io
Solution Seeker,https://solutionseeker.no
Supply Me,https://supplyme.se
Talent Media,https://talentmedia.no
TalentAdore,https://talentadore.com
THEFACTORY AS,https://thefactory.no
Zendera AS,https://zendera.no
Douchebags,https://douchebags.com
DriveBack,https://driveback.se
Driversnote,https://driversnote.com
Joynin,https://joyninapp.com
Kubo Robot,https://kubo.education
Legal Cross Border,https://legalcrossborder.com
LetsBuild,https://letsbuild.com
NemPULS,https://nempuls.dk
Perkit,https://perkit.co
Saxo.com A/S,https://saxo.com
Search AI,https://flax.co.uk
STUDIO MINI,https://studiominishop.com
Zoezi,https://zoezi.se
Bioservo,https://bioservo.com/en
Campbase,https://campbase.dk
Daarbak,https://daarbakdesign.dk
Drone Eksperten,https://drone-eksperten.dk
FrontFlow,https://frontflow.com
Gleechi,https://gleechi.com
Hive Brazilian Jiu Jitsu,https://hivebjj.com
Jonathan Løw - Listen Louder,https://jonathanloew.dk
Labster,https://labster.com
Mercury Digital ApS,https://nordic-lights.dk
Resiliate.io,https://resiliate.io
Scrintal,https://scrintal.com/en
VOI Technology AB FI,https://voiscooter.com
Wintra,https://wintra.dk
WOOLOO.ORG,https://wooloo.org
Rede People AS,https://redepeople.com
DanBots APS,https://danbots.com
Danelec,https://danelec.com
Finest Future,https://finestfuture.org
Hala Collective,https://halacollective.com
OptikosPrime,https://optikosprime.com
Pure Lobster AS,https://linkedin.no/in/pure-lobster-as
Shapemaker,https://shapemaker.io
Sisko,https://sisko.io
Vertaa Ensin Suomi Oy,https://vertaaensin.fi
Bankly,https://bankly.dk
Copenhagen Center For Functional Medicine,https://ccfm.dk
Crown Tech,https://crowntech.dk
Hollbium,https://hollbium.com
Kintobe,https://kintobe.com
KOLD Design Aps / EASE,https://withease.dk
Lalatoys,https://lalatoys.dk
Project Iceman,https://projecticeman.com
Proxi Biotech,https://proxibiotech.com
The Why,https://thewhy.dk
TrueGreens,https://truegreens.dk
Witted Megacorp,https://witted.com
Appsco,https://appsco.com
ArchitectureQuote,https://architecturequote.com
Distence Oy,https://distence.fi
Leapcraft,https://leapcraft.dk
Liv,https://livlab.co
Mentimeter,https://mentimeter.com
Stargate Media,https://stargatemedia.no
TUNCO,https://tunco.no
Vipicash,https://vipicash.no
Andsend,https://andsend.com
Appstract,https://appstract.co
Hevma.se,https://dinlya.se
eulaw.ai,https://eulaw.ai
Godwit systems,https://godwit.systems
Kin,https://mykin.ai
ListenAlert,https://listenalert.com
SlideHub,https://slidehub.com
Stemning Copenhagen,https://stemning-copenhagen.dk/en/konceptet
Treder,https://treder.se
VyPack,https://vypack.se
AIESEC in Copenhagen,https://aiesec.dk
Bookinghero,https://bookinghero.io
brand institute,https://brandinstitute.dk
FiltraCare,https://filtracare.com
Flimmer,https://flimmer.app
Hive Initiative,https://hiveinitiative.org
Hospitunity Job Portal,https://hospitunity.dk
Mimiqit,https://mimiqit.com
MissPompadour,https://misspompadour.com
NyKapital,https://nykapital.dk
PLAIO,https://plaio.com
Soundliving,https://soundliving.dk
Sprout,https://sproutpension.com
Trendlog.io,https://trendlog.io
Vegaaniruoka.fi,https://vegaaniruoka.fi
AirDodge,https://airdodge.io
BuddyCompany,https://buddycompany.com
Catchwise,https://catchwise.no
EDL,https://edl.dk
Nordic Wellth,https://nordicwellth.com
Paloceras,https://paloceras.com
Partnerful,https://partnerful.com
Red Container Coffee,https://redcontainer.coffee
Sira Original Thai Massage,https://sira-massage.dk
Spher.app,https://spher.app
Steamgreen,https://steamgreen.dk
TASKPLUS,https://taskplus.dk
Tiffin,https://tiffin.dk
WorkTiles,https://worktiles.se
WAGMI,https://wagmi.global
FINSIGNAL,https://finsignal.fi
Holdsport | SportMember,https://sportmember.com
kicker.cloud,https://kicker.cloud
Kvantify,https://kvantify.dk
Likvido ApS,https://da.likvido.com
Lisa&,https://lisaand.com
Green Factory AI,https://greenfactory.ai
Phoenix Academy,https://phoenixacademy.dk
Plateful,https://plateful.no
Rebæl,https://rebael.dk
Uptimus,https://uptimus.dk
Vocaire,https://vocaire.ai
Aivero,https://aivero.com
Arkivet.co,https://arkivet.co
Chargo,https://chargo.io
Crescat AS,https://crescat.io
EasyZeek,https://easyzeek.no
Ekko Media AS,https://ekkomedia.no
Flyspray Robotics,https://telia.no/magasinet/startup/flyspray
Kviq AS,https://kviq.no
Myldring,https://myldring.no
Propely AS,https://propely.io
Sensar Marine,https://sensarmarine.no
Battkomp AS,https://battkomp.no/repair-reuse
ÅBEN,https://aabenbryg.dk
AniPort,https://aniport.no
BRIK AS,https://brik.no
Ditio AS,https://ditioapp.com
FillerLAB.dk,https://fillerlab.dk
Hintly,https://hintly.io
Julius Caesar AS,https://juliuscaesar.no
Nordic Gelato Denmark ApS,https://nordicgelatofactory.com
Sammen om en jobb,https://sammenomenjobb.no
Venue Manager A/S,https://venuemanager.net
Woof Technologies,https://wooftech.dk
Wudpecker,https://wudpecker.io
Accode,https://accode.io
AWDIO,https://awdio.co
BlackWood Capital Partners,https://blackwoodcapitalpartners.com
Cheers,https://cheersapp.dk
Grand,https://grandsystems.com
Goscore,https://goscore.me
Klimakampen ApS,https://klimaholdet.dk
Sushi Lovers,https://sushilovers.dk
Antrism,https://antrism.com
Celonis,https://celonis.com
Cloud insurance AS,https://cloudinsurance.io
Driim,https://driim.fi
Inmix,https://inmix.dk
Korall Engineering,https://korall.io
NOITCH,https://noitch.dk
PK Cloud,https://pkcloud.vip
Quick Info,https://quickinfo.dk
RECILIO,https://recilio.se
take—one,https://take-one.dk
Trustzone A/S,https://trustzone.com
webCRM,https://webcrm.com
WeCircle,https://wecircle.io
Binera,https://binera.no
Clinsj,https://clinsj.com
Dately,https://dately.dk
Fenerum ApS,https://fenerum.com
HR PLAY,https://hrplay.nu
Just Financial,https://gojust.com
Klint,https://klinthome.se
Ninjas in Pajamas,https://nip.gl
Simpel Kredit,https://simpelkredit.dk
Sparkli Oy,https://sparkli.fi/fi
Artistry,https://artistry.ai
Clikk,https://clikk.app
Multiverse,https://multiverse.io
Epicenter Store,https://weareepicenter.com
Foodnest,https://foodnestapp.com
Fortitudo Technologies,https://fortitudo.tech
FuelVision,https://fuelvision.io
Jacob Lund Art,https://jacoblundart.com
LAAS Smart Lock,https://laas.me
Luminos Software,https://luminos.software
Marksman Training Systems,https://marksman.se
PayProff,https://payproff.com
Superhood,https://superhood.com
Vebu,https://vebu.dk
Bered,https://bered.nu
Chop Chop Games,https://chopchopgames.dk
Cogo,https://cogoapp.io
Encryptia,https://encryptia.no
Heroic Rhino,https://heroicrhino.com
iGlobe ApS,https://iglobecrm.com
Kapacity.io,https://kapacity.io
Limina Financial Systems,https://limina.com
Narratory,https://narratory.io
Sensae,https://sensae.com
Storebuddy,https://storebuddy.dk
Storka AB,https://storka.co
Cerve®,https://cerve.co
MÆT Pets,https://maetpets.com
Rundera,https://rundera.com
Sportyfriends,https://sportyfriends.com
Vembla,https://vembla.se
ZEEDIA,https://zeedia.com
Coventures,https://coventures.io
Defudger,https://defudger.com
Encida,https://encida.dk
Future of Fashion,https://futureoffashion.com
Lime,https://li.me
Maguru,https://maguru.dk
Mediehuset Bergen AS,https://mediehusetbergen.no
mellow designs ApS,https://mellowdesigns.dk
Peili Vision,https://peilivision.fi/en
Reach Active,https://reachactive.co
Stockholm Water Technology,https://stockholmwater.com
VendingRobotics,https://vendingrobotics.eu
Windstack,https://windstack.io
Blue Lobster,https://bluelobster.app
Buddy Healthcare,https://buddyhealthcare.com
chess24,https://chess24.com
GladTeknik,https://gladteknik.dk
InnoSchool,https://innoschool.fi
Nordic Legal Tech,https://nordiclegaltech.org
stwentyfive,https://stwentyfive.com
SafeFriend,https://safefriend.com
TimeJam,https://timejam.app
WeTal,https://wetal.com
AWAN (As We Are Now),https://aswearenow.co
Axess Lab,https://axesslab.com
Daksh IT,https://daksh-it.se
DigiShares,https://digishares.io
INNELS,https://innels.com
Leadhub.dk,https://leadhub.dk
RAND Boats,https://randboats.com
Romly,https://romly.no
SiteCampaign,https://sitecampaign.com
Smooth Robotics ApS,https://smooth-robotics.com
Spotly,https://spotly.co
Synap IoT,https://synapiot.com
Tulka,https://tulka.com
ENLIVEN,https://enliven.co
Alphafish,https://alphafish.space
Carecode,https://carecode.fi/en
Hakema.io,https://hakema.io
Realm,https://realm.io
Safello,https://safello.com
Sens4 A/S,https://sens4.com
Seppo,https://seppo.io/en
Small Giant Games,https://smallgiantgames.com
Superstainable,https://superstainable.com
Taiste,https://taiste.fi
Whyyy,https://whyyy.dk
Aety,https://aety.io
Automize A/S,https://automize.dk
JFTW Game Development AB,https://justforthewin.com
KnowledgeCotton Apparel,https://knowledgecottonapparel.com
Learnesy,https://learnesy.com
MyGizmo,https://mygizmo.se
PERE.COM,https://pere.com
Playfinity,https://playfnity.io
Upsi app for disc golfers,https://upsiapp.com
Alva Motor Solutions,https://alvamotorsolutions.com
Dockstr,https://dockstr.com
Grönska,https://gronska.org
Hygglo,https://hygglo.se
Maxify Solutions,https://maxify.com
NOSA,https://nosaplugs.com
TraffiTech,https://traffitech.com
Ordrestyring,https://ordrestyring.dk
Qred,https://jobs.qred.com
Red House Apps,https://redhouseapps.com
Signality,https://signality.ai
SportIn Global,https://sportinglobal.com
Zimpler,https://zimpler.com
AirDine,https://airdine.com
AssiTech,https://assistep.no
COCOA Invest,https://cocoainvest.dk
Converdiant,https://converdiant.com
FlixBus,https://flixbus.com
Hypefactors,https://hypefactors.com
Jawper,https://jawper.com
Axo Group,https://career.axogroup.com
RaceONE,https://raceone.com
RestDB AS,https://restdb.io
Rundit,https://rundit.com
SchoolChat,https://schoolchat.se
after_flow creation,https://afterflow.dk
Dynacube,https://dynacube.se
Everimpact,https://everimpact.com
FinetuneDB,https://finetunedb.com
FlexMeter ApS,https://flexmeter.dk
Innofactor,https://innofactor.com
Mirage,https://miragesys.se
Onomo,https://onomo.no
Pointvoucher | Free Games & Real Rewards,https://pointvoucher.com
Solgaard Design,https://lifepack.me
Point,https://point.shop
Togethery,https://togethery.app
Whereby,https://whereby.com
XperiTech,https://campio.no
CHROMA LAB,https://chromalabcph.com
CleverDeal ApS,https://cleverdeal.dk
Cloudhuset A/S,https://cloudhuset.dk
Datatera AB,https://datatera.se
Rentdesk,https://rentdesk.dk
Stori,https://stori.dk
The Nanny Agency,https://thenannyagency.dk
UBCO,https://ubco.com
SynergyXR,https://synergyxr.com
CathVision,https://cathvision.com
Fairytell,https://fairytell.dk
Fauna Smart Technologies,https://faunasmarttechnologies.com
Casju,https://casju.dk
Insurino,https://insurino.se
Itchy,https://itsitchy.se
Jumping Crocodile,https://jumpingcrocodile.com
Meeshop ApS,https://meeshop.dk
Opgavekorrektur,https://opgavekorrektur.dk
PowerCon Embedded A/S,https://powerconembedded.com
Prediagnose,https://prediagnose.dk
Sum,https://sum.network
Adtraction ApS,https://adtraction.com/dk
Cxense,https://cxense.com
eSmart Systems,https://esmartsystems.com
Forskningsparken - Oslo Science Park,https://forskningsparken.no
Furberg Snowboards,https://furbergsnowboards.com
Gture,https://gture.com
Millijoin,https://millijoin.com
Peeky,https://peeky.com
SAGA Robotics,https://sagarobotics.com
TargetEveryOne,https://targeteveryone.com
ThrillOut,https://thrillout.com
Balder Technology,https://balder.co
Billify,https://thebillify.com
Cadran,https://cadransystems.com
GORILLA AGENCY,https://gorillaagency.dk
Gourmaids,https://gourmaids.com
HeyCompanion,https://heycompanion.ai
Heyon,https://heyon.se
Jurabibliotek,https://jurabibliotek.ai
Nuvve Denmark ApS,https://nuvve.com/europe
SpacelyLabs,https://spacelylabs.com
Swöm ApS,https://swom.dk
The Stable Hour,https://thestablehour.com
Cardboard,https://cardboard.inc
CinderCat Games,https://cindercatgames.com
Jurnie,https://jurnie.io
Kara Connect,https://karaconnect.com
Koordinat ApS,https://koordinat.ai
Lillow,https://lillow.com
Mediacloud.ai,https://mediacloud.ai
Ren Hub AS,https://renhub.no
Roé Collection,https://roecollection.com
SparkForce,https://sparkforce.dk
Taptics,https://taptics.framer.ai
Telescope,https://telescope.eco
Animal.OOO,https://animal.ooo
DJTILBUD,https://djtilbud.dk
GlobeGuide,https://globeguide.net
Green Planet Astronauts,https://greenplanetastronauts.com
GreenWeb,https://greenweb.world
Lasner Digital,https://lasnerdigital.com
Packflow,https://packflow.se
Paint'R,https://paintr.dk
United Beverage,https://unibev.dk
WYN WYN,https://wynwyn.se/about
BELLA Intelligence ApS,https://konkursboerne.dk
Better Developers,https://betterdevelopers.dk
HU-MAIN,https://getatlas.co
klimascore.com,https://klimascore.dk
Megapop AS,https://megapopgames.com
Tvinn Solutions,https://tvinnsolutions.no
Visibuilt,https://visibuilt.com
Visma LogBuy,https://logbuy.dk
We got cookies,https://wegotcookies.co
Your Beet,https://yourbeet.app
3D Estate AS,https://3destate.no
CatalystOne Solutions,https://catalystone.com
Chew,https://chew.no
DigitalHoder,https://digitalhoder.no
ExperWELL AS,https://experwell.com
Happii AS,https://happii.no
Le Wagon Norway AS,https://lewagon.com/oslo
Mesier AS,https://mesier.com
Milrab,https://milrab.no
MyRent,https://myrent.no
QuizzWizz AS,https://quizzwizz.no
Cutie,https://cutie.no
Emotional Fitness Sweden AB,https://pilot.emotionalfitness.se
Ephort,https://ephort.dk
Float Studio,https://floatstudio.dk
Rendra AS,https://rendra.io
Resoptima,https://resoptima.com
SKILLUP,https://skillup4u.com
Speaksum,https://speaksum.com
GastroPlanner,https://gastroplanner.eu/en
YouWish AS,https://youwish.no
Insight Journeys,https://insightjourneys.dk
Intelligent Employment Oy,https://intelligentemployment.com
IoT Cleaning,https://iotcleaning.com
Målbar,https://maalbar.dk
My Dream Now,https://mydreamnow.se
Padel X,https://padelx.fi
Realfiction,https://realfiction.com
Retshjælperen,https://retshjaelperen.dk
Vitalic,https://vitalic.se
Zquared Technologies,https://zquared.se
ARKK Copenhagen,https://arkkcopenhagen.com
Baia,https://baia.group
Better,https://bettergoals.io
Brandiaq,https://brandiaq.com
Josie,https://josieapp.com
Circulaire,https://gocirculaire.com
Get Lit Denmark ApS,https://get-lit.dk
Hearable Labs,https://hearablelabs.com
Nordic Alegna Group,https://nordicalegnagroup.com
SENS Innovation ApS,https://sens.dk
SynPlan,https://synplan.ai
True Original Document,https://trueoriginal.com
Votech,https://votech.fi
Autopix,https://autopix.no
AVOLT,https://avolt.com
Briota ApS,https://briota.co
Dryk,https://dryk.dk/dryk-uk
Dueval,https://dueval.com
Juni,https://juni.co
Roomkast,https://roomkast.com
Spry,https://spry.dk
The White Box A/S,https://thewhitebox.dk
Ultrahack,https://ultrahack.org
Vecourse,https://vecourse.app
Walking for Water,https://walkingforwater.dk
WebUs A/S,https://webus.io
Binaré,https://binare.io
Changing Stories,https://changing-stories.org
Clicktrip,https://clicktrip.com
Digital Edge,https://digitaledge.se
ElastiSense,https://elastisense.com
Fauna,https://faunaapp.dk
Greenphones,https://greenphones.no
Holodia,https://holodia.com
iZell,https://izell.io
Mobal.io,https://mobal.io
watt,https://mywatt.app
YOGO,https://yogo.dk
BRØG,https://brogcoffee.com
Friday Home,https://fridayhome.net
GreenSafe,https://greensafe.dk
HelloAgent,https://helloagent.dk
MamaMilla,https://mamamilla.dk
memmo,https://memmo.me
MyEpi,https://myepi.dk
Pizza Cartel,https://pizzacartel.fi
Plandisc A/S,https://plandisc.com
Safe Online Aps,https://bysafeonline.com
Teemyco,https://teemyco.com
YANA COPENHAGEN,https://yanacph.dk
Avance Studios,https://avancestudios.com
Digital Diabetes Analytics,https://ddanalytics.se
WOOF WOOF,https://woof.style
Intect,https://intect.io
Healthy EATS,https://healthyeats.no
Jacob Lund Photography,https://jacoblund.com
Koho Sales Oy,https://kohosales.com/en
Nordic Startup School,https://nordicstartupschool.com
Platypus,https://platypus.io
Torso Electronics,https://torsoelectronics.com
Amero,https://amero.dk
Become Legends,https://becomelegends.eu
Butchers & Bicycles,https://butchersandbicycles.com
FarmyAB,https://microgreensstockholm.se
Freeliving,https://freeliving.dk
Lantmännen Functional Foods,https://functionalfoods.com
Olive Oil Copenhagen ApS,https://shop.oliveoilcph.dk
Riot Innovations,https://riotinnovations.com
Sensivo,https://sensivo.eu
The HabLab ApS,https://justklikkit.com
Virotea,https://virotea.com
WAIR,https://sustainablewair.com
Weddii,https://weddii.com
Bzzt AB,https://bzzt.se
Catware AS,https://catware.io
Founder Institute Helsinki,https://fi.co
JUNIPER,https://jun-per.com
Keyhole,https://usekeyhole.com
Leanheat,https://leanheat.com
Mubik Entertainment,https://mubik.net
nollaE,https://nollae.fi
Onbone,https://woodcast.net
RAGE for Climate,https://rage.eco
Spejlblank,https://spejlblank.dk
SWITCHR AS,https://switchr.global/en
Two Men And A Dog,https://twomenandadog.fi
Backpackerlife ApS,https://backpackerlife.dk
Caliente Beverages,https://drinkcaliente.com
Cloudberry Multimedia,https://cloudberrymultimedia.com
Elite Group,https://elitegroup.dk
Fintex ApS,https://fintex.dk
KOBOTS,https://kobots.dk
Nordic Power Converters,https://nordicpowerconverters.com
S R Intelligence AB,https://sri.se
Tactotek,https://tactotek.com
Tangible Growth Ltd,https://tangible-growth.com
TestaViva,https://testaviva.dk
TWA- Brands LLC,https://hangover-off.co
Vurt,https://vurt.fi
ARTOME,https://artome.fi
CLiCKLAB,https://clicklab.dk
Connected Finland Oy,https://connectedfinland.fi
Creative Sight,https://creativesight.eu
Dliver.dk,https://dliver.dk
Dream Catcher,https://dreamcatcher.fi
Inspire Film & Content Strategy,https://inspirefilm.dk
TeacherGaming,https://teachergaming.com
EVA Norway,https://e-va.no
Infrakit,https://infrakit.com/en
Pajat Solutions,https://poimapper.com/en
Pivotic,https://pivotic.com
UpCloud,https://upcloud.com
Vau Company,https://vau.company
VIDA MEDIA,https://vidamedia.org
VReel.co,https://vreel.co
Windester Ltd,https://windester.com
Yepti,https://yepti.dk
Aufini.com,https://aufini.com/dk
Firmo,https://firmo.network
FLOATING GRIP®,https://floatinggrip.com
FLUS,https://flus.rocks
GreenMobility,https://greenmobility.com/dk/en
Happo,https://happo.com
iTransa,https://itransa.com
Nabonett.no,https://nabonett.no
Redigen,https://redigen.com
Reppy.dk,https://reppy.dk
Soundtracktor,https://soundtracktor.com
Startup Sauna,https://startupsauna.com
Capeesh,https://capeesh.com
Earth Bite,https://earthbite.se
Flightradar24,https://flightradar24.com
Justt,https://justt.com
Matvareexpressen Norge AS,https://mve.no
Medpeople,https://medpeople.se
Memlin,https://memlin.com
Mindconnect,https://mindconnect.se
Nimber,https://nimber.com
Refunder,https://refunder.se
Strawbees,https://strawbees.com
Waizer,https://waizer.com
zeal aps,https://zeal.dk
Achoo ApS,https://getachoo.com
Audiodraft,https://audiodraft.com
Bidra AS,https://bidra.no
Blueye Robotics,https://blueyerobotics.com
Boxn - Your personal receival point for everything home delivered,https://boxn.no
Creatrix ApS,https://creatrix.dk
JF Curated,https://jfcurated.com
Lifesum,https://lifesum.com
Nova,https://nova.com
Solentro,https://solentro.se
Sportmonda,https://sportmonda.dk
STAC Technology ApS,https://stactechnology.com
Vidi As,https://vidi.no
Ardoq,https://ardoq.com
Diffia,https://diffia.no
Grundr AS,https://grundr.com
Matspar.se,https://matspar.se
OURHUB,https://ourhub.dk
Play Magnus,https://playmagnus.com
Playlab,https://playlab.com
Sildr,https://sildr.no
Simplygon (Donya Labs),https://simplygon.com
StavangerBarn,https://stavangerbarn.com
WeWantToKnow,https://wewanttoknow.com
Xeneta AS,https://xeneta.com
AICE Aps,https://aice.dk
Bragly,https://bragly.io
Lakeside A/S,https://lakeside.dk
Melta,https://melta.is
TheMOVE,https://themove.co
PIF - Pay It Forward,https://pif-app.com
Sequel,https://kommer.dk
SPEDA,https://speda.io
Stack Boost,https://stackboost.dk
Tradeshift,https://tradeshift.com
Up & Up ApS,https://upandup.dk
Amplify,https://amplify.dk
ZISPA,https://zispa.dk
Barberskabet ApS,https://barberskabet.dk
Bluementor,https://bluementor.dk
DIRÄ,https://dira.fi
Frigg Tech A/S,https://friggtech.dk
GetAccept,https://getaccept.com
Liirn,https://liirn.ai
HATO Medical Technologies,https://hatomedicaltechnologies.com
Plazzo,https://plazzo.dk
RAIN,https://rain.global
ReMoni,https://remoni.com
Hiku Dev,https://hiku.dev
Mit Hjem (Totalkredit),https://mithjem.dk
CoreSeer,https://coreseer.com
Elite Advertising ApS,https://eliteadvertising.dk
IBG ProReact,https://ibg.social
InovoTech Solutions,https://inovotechsolutions.com
Karma Mobil AB,https://karmamobil.se
Kiteborne Energy ApS / KIT sensors,https://kitsensors.dk
Move United,https://moveunited.dk
Preggo Gravid & Lifestyle,https://preggo.se
Project Nord,https://projectnord.com
RPA House,https://rpahouse.dk
We Encourage Oy Ltd,https://aino.encourage.fi
Circular Food Technology,https://circularfoodtechnology.com
Connex,https://connexdesk.com
Den Lille Juicefabrikken,https://denlillejuicefabrikken.no
EXPOLOGY,https://expology.com
Farmable,https://farmable.tech
Games Factory Talents,https://gamesfactorytalents.com
Holmestrand Skitunnel,https://holmestrandskitunnel.no
Iben og Holt AS,https://ibenofficial.com/contact
Maksimer,https://maksimer.no
ProgressData.io,https://progressdata.io
Swapfiets,https://swapfiets.dk
Brand Leadership Community,https://brandleadership.community
Copli,https://copli.io
Danish Development Research Network (DDRN),https://ddrn.dk
GEIST,https://geistsailing.se
Gire Mobility ApS,https://giremobility.com/dk/bliv-chauffor
MyMonii - Teaching kids and teenagers to be financially responsible,https://mymonii.com
Oschlo,https://oschlo.co
Reign of Gaia,https://reignofgaia.com
Seecon,https://seecon.dk
Startup Development House,https://start-up.house
Tiblo Digital,https://tiblo.dk
Angry Camel AB,https://angrycamel.co
DFRNT,https://dfrnt.com
Earth Miles,https://earthmiles.app
Gefjon Pharma ApS,https://gefjonpharma.com
Much,https://askmuch.com
Reduzer,https://reduzer.com
Soolv,https://soolv.com
Space Denmark,https://spacedenmark.dk
Tandem,https://tandem.bi
Tendavo,https://tendavo.se
atSpiro,https://atspiro.com
CARZILLA,https://carzilla.dk
DICEUS Nordic ApS,https://diceus.com
Escrow Livery,https://escrowlivery.com
Ferrivia,https://ferrivia.fi
Leadership Capital Group,https://leadershipcapitalgroup.dk
Luminik,https://luminik.io
Pebble.so,https://pebble.so
Rebelvolt,https://rebelvolt.com
Session,https://getsession.com
StudyBuddies,https://studybuddies.no
Virtual Art Gallery,https://virtualartgallery.com
Anmi Solutions AB,https://anmimeds.com
CAPIO PRO,https://capio.pro
CPH Content Creators,https://cphcontentcreators.dk
Gathergram,https://gathergram.app
Happymaker,https://happymaker.se
Mimiry,https://mimiry.com
NORD advise,https://nordadvise.com
PK Global IoT,https://pkglobaliot.com
Planet Peanut,https://planetpeanut.io
Skovlyst Production A/S,https://skovlyst.com
Tchin Tchin Premium Cocktails,https://tchin-tchin.dk
05,https://05copenhagen.com
Algiecel A/S,https://algiecel.com
FOLK Copenhagen,https://folkreykjavik.com
FrancisMarketing,https://francismarketing.dk/en
Ria & Richard,https://riaandrichard.com
Marlamedia,https://marlamedia.dk
Museum for the United Nations-UN Live,https://museumfortheunitednations.com/about-un-live
Raney Consulting,https://raneyconsulting.dk
Trust Stamp,https://truststamp.ai
Weave Reality,https://weavereality.net
Billwerk+ Denmark,https://billwerk.plus
Brainzell,https://brainzell.com
Chassis Autonomy,https://chassisautonomy.com
Cobira,https://cobira.co
Content Ad Libitum,https://contentadlibitum.dk
Dtb Digital,https://dtb.digital
GoGood,https://gogood.no
Homerunner.com,https://homerunner.com
Intentional,https://leapforward.international
LampeWorld Aps,https://outletlamper.dk
Made4Media,https://made4media.dk
Tiktok-markkinointitoimisto,https://tiktok-markkinointitoimisto.com
Amfi Kreativ,https://amfikreativ.no
Carlie,https://carlie.dk
CL-Invest,https://cl-invest.com
Dytbaat Games,https://dytbaat.com
FED (Future Entrepreneurs of Denmark),https://futuregrowth.info/fed
Fjelltopp Media AS,https://fjelltoppmedia.no
Iagon AS,https://iagon.com
Klu Oy,https://klu.so
Minuendo,https://minuendo.com
Moods of Norway,https://moodsofnorway.com
PictoryTale AS,https://pictorytale.com
QUINE AS,https://quine.no
Søuld,https://sould.dk
SURF Rides AS,https://surfingscooters.com
Aboveit AS,https://aboveit.no
Bogbi AS,https://bogbi.co
Adversus,https://adversus.io
Shine (formerly Ageras),https://shine.co
BLAST,https://blastpremier.com
Capdesk from Carta,https://capdesk.com
Crispa,https://crispa.ai
Donkey Republic,https://donkey.bike
Efektive,https://efektive.dk
Embankment,https://embankment.com
Exam.net,https://exam.net
GAMUCATEX,https://cloudflare.com/privacypolicy
Influencer Marketing Hub,https://influencermarketinghub.com
LifeBonder,https://lifebonder.com
Strise,https://strise.ai
Pleo Technologies,https://pleo.io
VhAT,https://vhat.io
